producto;precio;subcategoria;categoria
AREPA DE YUCA MASMAÍ 4 UND - 240 G;$ 4.190;Arepas;Alimentos y despensas
AREPA EXTRAQUESO MASMAÍ 4 UND - 720 G;$ 5.350;Arepas;Alimentos y despensas
AREPA DE CHÓCOLO 5 UND MASMAÍ 400 GRS;$ 2.990;Arepas;Alimentos y despensas
AREPA CON QUESO MOZZARELLA MASMAI 400 GRS;$ 4.290;Arepas;Alimentos y despensas
AREPA DE MAÍZ BLANCO CON AVENA Y CHÍA MASMAÍ 5 ;$ 3.990;Arepas;Alimentos y despensas
AREPA BLANCA MASMAÍ 5 UND - 400 G;$ 1.450;Arepas;Alimentos y despensas
AREPA AMARILLA MASMAÍ 5 UND - 400 G;$ 1.450;Arepas;Alimentos y despensas
AREPA MINITELA BLANCA MASMAI 10 UND - 500 G;$ 1.590;Arepas;Alimentos y despensas
CALDO DE COSTILLA MAGGI 10 UND 80 G;$ 4.290;Caldos, Sopas y Bases;Alimentos y despensas
CALDO DE GALLINA MAGGI 10 UND 88 G;$ 4.290;Caldos, Sopas y Bases;Alimentos y despensas
CALDO DE GALLINA SPECIARIA 8 UND - 84 G;$ 1.990;Caldos, Sopas y Bases;Alimentos y despensas
CREMA DE CHÓCLO VELSUP 70 G;$ 1.390;Caldos, Sopas y Bases;Alimentos y despensas
CALDO DE COSTILLA SPECIARIA 84 G 8 CUBOS;$ 1.990;Caldos, Sopas y Bases;Alimentos y despensas
BASE PARA SALSA BOLOÑESA RICO 50 G;$ 1.890;Caldos, Sopas y Bases;Alimentos y despensas
SOPA CREMA DE POLLO RICO 45 GR;$ 1.490;Caldos, Sopas y Bases;Alimentos y despensas
BASE PARA SALSA BECHAMEL/GULASH RICO 45 G;$ 2.090;Caldos, Sopas y Bases;Alimentos y despensas
SOPA CREMA CHOCLO RICO 45 G;$ 1.290;Caldos, Sopas y Bases;Alimentos y despensas
SALCHICHA RANCHERA X 131 G X 4 UD;$ 5.290;Carnes Frias;Alimentos y despensas
JAMON PIETRAN ESTANDAR 167 GRS;$ 6.790;Carnes Frias;Alimentos y despensas
COMBO TRADICIONAL VIANDE 900 GR;$ 9.890;Carnes Frias;Alimentos y despensas
MORCILLA VIANDÉ 500 GRS;$ 6.700;Carnes Frias;Alimentos y despensas
JAMÓN DE POLLO PREMIUM BRAKEL 250 G;$ 5.990;Carnes Frias;Alimentos y despensas
COSTILLA DE CERDO AHUMADA BIG BOB 450 G;$ 13.990;Carnes Frias;Alimentos y despensas
JAMÓN SERRANO LOURISIERRA 80 G;$ 7.450;Carnes Frias;Alimentos y despensas
JAMON PERNIL CERDO PREMIUM VIANDÉ 250 G;$ 8.190;Carnes Frias;Alimentos y despensas
SALCHICHÓN DE POLLO BRAKEL 500 G;$ 5.190;Carnes Frias;Alimentos y despensas
SALCHICHÓN CERVECERO VIANDÉ 500 G;$ 7.990;Carnes Frias;Alimentos y despensas
SALCHICHA TIPO PARRILLA BIG BOB 280 G;$ 7.450;Carnes Frias;Alimentos y despensas
SALCHICHA PERRO AMERICANA BIG BOB 430 G;$ 8.150;Carnes Frias;Alimentos y despensas
SALCHICHÓN TRADICIONAL VIANDÉ 500 G;$ 4.850;Carnes Frias;Alimentos y despensas
CHORIZO VELA + SALAMI LOURISIERRA 80 G;$ 7.390;Carnes Frias;Alimentos y despensas
CABANO VIANDE 68 GR X 4 UD;$ 3.550;Carnes Frias;Alimentos y despensas
CHORIZO CAMPESINO AHUMADO VIANDÉ 225 GRS;$ 3.550;Carnes Frias;Alimentos y despensas
CHORIZO TIPO TERNERA VIANDÉ 500 G;$ 9.990;Carnes Frias;Alimentos y despensas
CHORIZO SANTARROSANO VIANDÉ 225 G;$ 4.990;Carnes Frias;Alimentos y despensas
MORTADELA POLLO PREMIUM BRAKEL 250 G;$ 3.990;Carnes Frias;Alimentos y despensas
JAMÓN DE CERDO PREMIUM VIANDÉ 300 G;$ 7.250;Carnes Frias;Alimentos y despensas
HAMBURGUESA DE RES VIANDÉ 450 G;$ 8.690;Carnes Frias;Alimentos y despensas
TOCINETA TIPO SANDWICH VIANDÉ 200 G;$ 5.490;Carnes Frias;Alimentos y despensas
SALCHICHA MINIMANGUERA VIANDÉ 480 G;$ 4.790;Carnes Frias;Alimentos y despensas
JAMON DE PAVO WHITE HOLLAND 250 G;$ 9.350;Carnes Frias;Alimentos y despensas
JAMÓN DE CERDO VIANDÉ 400 GRS;$ 6.650;Carnes Frias;Alimentos y despensas
MORTADELA FINA VIANDÉ 225 GRS;$ 1.990;Carnes Frias;Alimentos y despensas
SALCHICHA PARRILLA VIANDÉ 500 GRS;$ 9.250;Carnes Frias;Alimentos y despensas
TOCINETA AHUMADA VIANDÉ 150 GRS;$ 4.990;Carnes Frias;Alimentos y despensas
SALCHICHA TRADICIONAL VIANDÉ 450 GRS;$ 5.490;Carnes Frias;Alimentos y despensas
BUTIFARRA VIANDE 500 G;$ 6.790;Carnes Frias;Alimentos y despensas
CHOCO KRISPIS KELLOGG¿S 200 G;$ 6.450;Cereales;Alimentos y despensas
ZUCARITAS KELLOGG¿S 200 G;$ 6.590;Cereales;Alimentos y despensas
CEREAL FLIPS CHOCOLATE 400 G;$ 12.790;Cereales;Alimentos y despensas
FROOT LOOPS KELLOGG°S 160 G;$ 6.190;Cereales;Alimentos y despensas
CEREAL ORIGINAL FITNESS 230 G;$ 8.990;Cereales;Alimentos y despensas
CEREAL DE AVENA CON CANELA FIT GRAAN 300 G;$ 9.450;Cereales;Alimentos y despensas
BARRAS DE CEREAL FIT GRAAN 138 G;$ 4.990;Cereales;Alimentos y despensas
CEREAL DE MAIZ Y QUINUA FIT GRAAN 300 G;$ 5.490;Cereales;Alimentos y despensas
HOJUELA DE MAIZ NATURAL FIT GRAAN 300 GR;$ 4.990;Cereales;Alimentos y despensas
HOJUELAS AZUCARADAS FIOCCO 300 G;$ 4.490;Cereales;Alimentos y despensas
ARROZ ACHOCOLATADO FIOCCO 320 G;$ 4.990;Cereales;Alimentos y despensas
AROS FRUTALES FIOCCO 230 G;$ 4.490;Cereales;Alimentos y despensas
AVENA EN HOJUELAS FIT GRAAN 250 G;$ 1.490;Cereales;Alimentos y despensas
GRANOLA FRUTOS ROJOS FIT GRAAN 350 G;$ 4.590;Cereales;Alimentos y despensas
GRANOLA COCO Y PASAS FIT GRAAN 350 G;$ 4.590;Cereales;Alimentos y despensas
CEREAL LUCKY CHARMS 150 G;$ 6.990;Cereales;Alimentos y despensas
SAL REFISAL 1000 G;$ 2.190;Condimentos;Alimentos y despensas
MEZCLA CONDIMENTOS SAZONAREY 35 G;$ 1.090;Condimentos;Alimentos y despensas
PASTA DE PIMENTÓN DELIKA 110 G;$ 1.990;Condimentos;Alimentos y despensas
MEZCLA PARA ADOBAR DELIKA 110 G;$ 1.990;Condimentos;Alimentos y despensas
PASTA DE AJO DELIKA 110 G;$ 1.990;Condimentos;Alimentos y despensas
BICARBONATO DE SODIO SPECIARIA 200 GR;$ 2.290;Condimentos;Alimentos y despensas
CANELA MOLIDA PURA SPECIARIA 28 G;$ 2.600;Condimentos;Alimentos y despensas
TOMILLO SPECIARIA 20 G;$ 1.900;Condimentos;Alimentos y despensas
COLORANTE NATURAL CURCUMA SPECIARIA 28 G;$ 1.750;Condimentos;Alimentos y despensas
COMINO SPECIARIA 28 G;$ 2.200;Condimentos;Alimentos y despensas
LAUREL SPECIARIA 20 G;$ 1.750;Condimentos;Alimentos y despensas
OREGANO SPECIARIA 20 G;$ 1.990;Condimentos;Alimentos y despensas
PIMIENTA MOLIDA SPECIARIA 28 G;$ 2.090;Condimentos;Alimentos y despensas
AJO GRANULADO SPECIARIA 28 G;$ 2.090;Condimentos;Alimentos y despensas
CANELA EN ASTILLAS SPECIARIA 20 GR;$ 2.450;Condimentos;Alimentos y despensas
MORINGA EN HOJAS SPECIARIA 8 G;$ 1.590;Condimentos;Alimentos y despensas
PAPRIKA SPECIARIA 28 G;$ 1.590;Condimentos;Alimentos y despensas
JENGIBRE EN POLVO SPECIARIA 28 G;$ 1.790;Condimentos;Alimentos y despensas
CURRY EN POLVO SPECIARIA 28 G;$ 1.590;Condimentos;Alimentos y despensas
CLAVO ENTERO SPECIARIA 20 G;$ 2.890;Condimentos;Alimentos y despensas
PASTA DE CEBOLLA LARGA DELIKA 110 G;$ 1.990;Condimentos;Alimentos y despensas
TIRUDITO SUPERCOCO (8g) 15U;$ 3.690;Dulcería;Alimentos y despensas
GALLETA WAFER COCOSETTE 50 G;$ 1.590;Dulcería;Alimentos y despensas
BOM BOM BUM FRESA PQ 6;$ 2.450;Dulcería;Alimentos y despensas
CHOCOLATE KITKAT CHUNKY 40 GRS;$ 2.690;Dulcería;Alimentos y despensas
HALLS LIMON Y MIEL 9S;$ 1.490;Dulcería;Alimentos y despensas
TRIDENT MENTA SIN AZUCAR 5S;$ 1.490;Dulcería;Alimentos y despensas
CREMA DE AVELLANAS NUZART 350 G;$ 8.990;Dulcería;Alimentos y despensas
CREMA DE AVELLANAS DUO NUZART 350 G;$ 6.990;Dulcería;Alimentos y despensas
CHOCOLATINA KEO 12 UND 144 G;$ 4.490;Dulcería;Alimentos y despensas
TRIDENT SIN AZUCAR FRESHMINT 18;$ 3.500;Dulcería;Alimentos y despensas
CARAMELOS MASTICABLES SPARKIES 25 G;$ 1.390;Dulcería;Alimentos y despensas
LAMINAS DE CHOCOLATE BISCOLATA CHOCOCHIPS 115 G;$ 8.990;Dulcería;Alimentos y despensas
BARRA DE CHOCOLATE CON MANÍ JUMBO 40 G;$ 2.790;Dulcería;Alimentos y despensas
GALLETA WAFER RECUBIERTA DE CHOCOLATE JET WAFER;$ 1.000;Dulcería;Alimentos y despensas
BARRA DE CHOCOLATE PREMIUM CHALET DU CHOCOLAT 5;$ 2.990;Dulcería;Alimentos y despensas
TRUFAS DE BROWNIE TRUFUS 80 G;$ 2.490;Dulcería;Alimentos y despensas
DULCES ACIDOS OKA LOKA NANOS 40G;$ 1.490;Dulcería;Alimentos y despensas
POLVO ACIDO OKA LOKA FUSION 14G;$ 990;Dulcería;Alimentos y despensas
BARRA DE CHOCOLATE CON CARAMELO Y MANI WAPPS;$ 2.490;Dulcería;Alimentos y despensas
MORITAS DE GOMA BEBETO 150 G;$ 3.990;Dulcería;Alimentos y despensas
HELADOS DE GOMA BEBETO 150 G;$ 3.990;Dulcería;Alimentos y despensas
BARRA DE CHOCOLATE BISCOLATA DUOMAX;$ 2.790;Dulcería;Alimentos y despensas
CONO DE CHOCOLATE OZMO CORNET 25 G;$ 1.990;Dulcería;Alimentos y despensas
GALLETA MINI BURGER OZMO 40 GRS;$ 2.990;Dulcería;Alimentos y despensas
CHOCO COOKIE BISCOLATA BREAK 20 GRS;$ 890;Dulcería;Alimentos y despensas
MASMELOS BLANCOS MELI MELLOWS 120 GR;$ 2.750;Dulcería;Alimentos y despensas
OBLEAS TRADICION 1915 4 OBLEAS 140G;$ 8.190;Dulcería;Alimentos y despensas
ROLLITO DE GUAYABA CON CENTRO DE AREQUIPE DULCE;$ 5.450;Dulcería;Alimentos y despensas
BOCADILLO VELEÑO DULCE NATURALEZA 470 G;$ 4.690;Dulcería;Alimentos y despensas
LONJA DE GUAYABA DULCE NATURALEZA 300 G;$ 1.950;Dulcería;Alimentos y despensas
TOMATES ENTEROS PELADOS DELIZIARE 400 G;$ 4.490;Enlatados y envasados;Alimentos y despensas
FRÍJOLES CON TOCINO COOLTIVO 300 GRS;$ 4.990;Enlatados y envasados;Alimentos y despensas
ATÚN RALLADO EL NAVÍO 170 G;$ 3.250;Enlatados y envasados;Alimentos y despensas
ENSALADA CAMPESINA COOLTIVO 300 G;$ 3.690;Enlatados y envasados;Alimentos y despensas
SALMÓN EN ACEITE CARLO FORTE 170 G;$ 10.490;Enlatados y envasados;Alimentos y despensas
ATÚN ACEITE DE OLIVA CARLO FORTE 160 G;$ 7.490;Enlatados y envasados;Alimentos y despensas
ENSALADA ATÚN CON VEGETALES Y MAÍZ CARLO FORTE ;$ 5.490;Enlatados y envasados;Alimentos y despensas
TOMATES SECOS AINOA 180 G;$ 9.250;Enlatados y envasados;Alimentos y despensas
FRIJOL REFRITO CRACHOS 300 G;$ 5.450;Enlatados y envasados;Alimentos y despensas
MAÍZ TIERNO COOLTIVO 340 G;$ 4.990;Enlatados y envasados;Alimentos y despensas
CONSERVA DE PESCADO CARLO FORTE 400 GRS;$ 6.990;Enlatados y envasados;Alimentos y despensas
SALCHICHA VIENA VIANDÉ 150 G;$ 2.890;Enlatados y envasados;Alimentos y despensas
ALCAPARRAS EN VINAGRE AINOA 125 GR;$ 3.690;Enlatados y envasados;Alimentos y despensas
DURAZNO EN ALMÍBAR COOLTIVO 820 G;$ 10.990;Enlatados y envasados;Alimentos y despensas
CHAMPIÑONES TAJADOS COOLTIVO 280 G;$ 5.190;Enlatados y envasados;Alimentos y despensas
ACEITUNA DES/PIMIEN BOLSA AINOA 180 GR;$ 2.990;Enlatados y envasados;Alimentos y despensas
ACEITUNA EN LATA AINOA 200 GR;$ 3.790;Enlatados y envasados;Alimentos y despensas
PIÑA EN TROZOS AINOA 520 G;$ 6.900;Enlatados y envasados;Alimentos y despensas
LYCHEES EN ALMÍBAR COOLTIVO 567 G;$ 11.990;Enlatados y envasados;Alimentos y despensas
CEREZAS MARRASCHINO AINOA 125 G;$ 4.790;Enlatados y envasados;Alimentos y despensas
ATÚN EN ACEITE CARLO FORTE 170 G NETO;$ 5.250;Enlatados y envasados;Alimentos y despensas
DUOPACK ATÚN A.OLIVA CF 160 G NETO;$ 7.990;Enlatados y envasados;Alimentos y despensas
ATÚN EN AGUA CARLO FORTE 170 G NETO;$ 4.990;Enlatados y envasados;Alimentos y despensas
ALLETA 2 TACOS DUCALES NOEL 241 GRS;$ 4.990;Galletería;Alimentos y despensas
GALLETAS VAINILLA 18UN WAFER NOEL 432 GR;$ 7.290;Galletería;Alimentos y despensas
GALLETAS SANDWICH QUESO DUX;$ 5.890;Galletería;Alimentos y despensas
GALLETA INTEGRAL CLUB SOCIAL 6 UND;$ 3.990;Galletería;Alimentos y despensas
GALLETA HAPPY BLACK 12 PQ 408G;$ 6.890;Galletería;Alimentos y despensas
GALLETA SALTIN NOEL 5 TACOS 410 G;$ 5.490;Galletería;Alimentos y despensas
GALLETA DE LECHE MUUU COLOMBINA 216 GRS X 18 UN;$ 4.490;Galletería;Alimentos y despensas
GALLETA CHIPS DE CHOCOLATE 6 PQ;$ 5.650;Galletería;Alimentos y despensas
GALLETA RELLENA BISCOLATA MOOD 115 G;$ 6.990;Galletería;Alimentos y despensas
GALLETA MINI WAFER BISCOLATA 117 G;$ 5.850;Galletería;Alimentos y despensas
GALLETA SABOR OLIVA Y ORÉGANO GRETA 120 G;$ 4.990;Galletería;Alimentos y despensas
GALLETAS SALTÍSIMAS CLUB 6 UND 153 G;$ 2.990;Galletería;Alimentos y despensas
GALLETA MIEL HONY BRAN 297 G;$ 5.890;Galletería;Alimentos y despensas
GALLETA RELLENA DE FRUTA NATRI 145 G;$ 7.250;Galletería;Alimentos y despensas
GALLETA INTEGRAL CON MIEL NATRI 216 G;$ 3.990;Galletería;Alimentos y despensas
GALLETA HAPPY CREAM VAINILLA 12 PQ 408G;$ 5.890;Galletería;Alimentos y despensas
GALLETA INTEGRAL CON AVENA Y BASE SABOR A YOGUR;$ 4.990;Galletería;Alimentos y despensas
GALLETA SEMIDULCE SALTISIMAS 3T 315G;$ 4.750;Galletería;Alimentos y despensas
GALLETA WAFER VAINILLA SIN AZUCAR BRIDGE 6 PK ;$ 8.490;Galletería;Alimentos y despensas
GALLETAS CARMELLO CLASSIC BERGEN 140 G;$ 4.290;Galletería;Alimentos y despensas
GALLETA HAPPY CREAM VAINILLA 6 PQ 204 G;$ 3.290;Galletería;Alimentos y despensas
GALLETAS SALADAS SALTISIMAS 6 TACOS 454 G;$ 4.890;Galletería;Alimentos y despensas
GALLETAS MANTEQUILLA SALTÍSIMAS 324 G;$ 4.190;Galletería;Alimentos y despensas
GALLETAS CROKAN CAJA SURTIDA 200 G;$ 4.390;Galletería;Alimentos y despensas
GALLETA SEMIDULCE 5 TACOS 455 GRS;$ 5.990;Galletería;Alimentos y despensas
GALLETA HAPPY CREAM LIMON 6 PQ 204 G;$ 3.290;Galletería;Alimentos y despensas
GALLETA NEGRITA BLACK OUT 228 G;$ 4.490;Galletería;Alimentos y despensas
GALLETA HAPPY CREAM FRESA 6 PQ 204 G;$ 3.290;Galletería;Alimentos y despensas
GALLETAS MINI CHIPS 8 PQ 280G;$ 7.790;Galletería;Alimentos y despensas
GALLETA OREO 6 PQ 216 G;$ 5.690;Galletería;Alimentos y despensas
PANELA PULVERIZADA EL REFUGIO 500 G;$ 3.290;Granos, Azúcar y Panela;Alimentos y despensas
ARROZ DIANA 1000 G;$ 4.250;Granos, Azúcar y Panela;Alimentos y despensas
ARROZ INTEGRAL DIANA 1.000 G;$ 3.990;Granos, Azúcar y Panela;Alimentos y despensas
AZÚCAR BLANCA 1000 GRS;$ 4.790;Granos, Azúcar y Panela;Alimentos y despensas
ENDULZANTE CON STEVIA NATRI 180 G;$ 6.150;Granos, Azúcar y Panela;Alimentos y despensas
FRÍJOL CARGAMANTO BLANCO EL ESTÍO 500 GR;$ 7.590;Granos, Azúcar y Panela;Alimentos y despensas
ENDULZANTE FRASCO DULCRALIGHT 180 GRS;$ 4.990;Granos, Azúcar y Panela;Alimentos y despensas
FRÍJOL BOLÓN ROJO EL ESTÍO 500 G;$ 7.990;Granos, Azúcar y Panela;Alimentos y despensas
AZÚCAR MORENA 1000 GRS;$ 4.890;Granos, Azúcar y Panela;Alimentos y despensas
FRÍJOL CARGAMANTO ROJO EL ESTÍO 500 GRS;$ 5.990;Granos, Azúcar y Panela;Alimentos y despensas
FRÍJOL CARAOTA GRANIPACK 500 G;$ 3.690;Granos, Azúcar y Panela;Alimentos y despensas
ARVEJA EL ESTIO 500 GRS;$ 2.190;Granos, Azúcar y Panela;Alimentos y despensas
LENTEJA EL ESTÍO 500 GRS;$ 2.990;Granos, Azúcar y Panela;Alimentos y despensas
MAÍZ PIRA EL ESTÍO 500 GRS;$ 2.790;Granos, Azúcar y Panela;Alimentos y despensas
GARBANZO EL ESTÍO 500 GRS;$ 3.790;Granos, Azúcar y Panela;Alimentos y despensas
ARROZ EL ESTÍO 500 GRS;$ 1.850;Granos, Azúcar y Panela;Alimentos y despensas
ARROZ ECONÓMICO EL ESTÍO 454 G;$ 1.650;Granos, Azúcar y Panela;Alimentos y despensas
ARROZ PREMIUM EL ESTIO 2500 G;$ 12.290;Granos, Azúcar y Panela;Alimentos y despensas
ARROZ PREMIUM EL ESTÍO 1000 GRS;$ 4.990;Granos, Azúcar y Panela;Alimentos y despensas
PANELA CUADRADA 1000 G;$ 4.850;Granos, Azúcar y Panela;Alimentos y despensas
HARINA DE TRIGO CON POLVO PARA HORNEAR;$ 2.190;Harinas y Pre-mezclas;Alimentos y despensas
GRANO ENTERO DE QUINUA;$ 4.490;Harinas y Pre-mezclas;Alimentos y despensas
PREMEZCLA PARA PANCAKES QUICKSY 300 G;$ 3.150;Harinas y Pre-mezclas;Alimentos y despensas
HARINA DE TRIGO QUICKSY 500 G;$ 1.890;Harinas y Pre-mezclas;Alimentos y despensas
PREMEZCLA DE GALLETAS CON CHIPS DE CHOCOLATE QU;$ 4.690;Harinas y Pre-mezclas;Alimentos y despensas
HARINA DE MAIZ BLANCO QUICKSY 1000 G;$ 3.650;Harinas y Pre-mezclas;Alimentos y despensas
HARINA DE MAIZ AMARILLO QUICKSY 1000 G;$ 3.650;Harinas y Pre-mezclas;Alimentos y despensas
PREMEZCLA TORTA NARANJA QUICKSY 400 G;$ 4.190;Harinas y Pre-mezclas;Alimentos y despensas
PREMEZCLA TORTA VAINILLA QUICKSY 400 G;$ 4.190;Harinas y Pre-mezclas;Alimentos y despensas
HARINA DE MAÍZ AMARILLA AREPASAN 1000 G;$ 4.350;Harinas y Pre-mezclas;Alimentos y despensas
HARINA DE MAÍZ BLANCA AREPASAN 1000 G;$ 3.990;Harinas y Pre-mezclas;Alimentos y despensas
MEZCLA DE AVENA PARA PANCAKES 300 GR;$ 4.190;Harinas y Pre-mezclas;Alimentos y despensas
HUEVOS DE CODORNIZ SOL NACIENTE 24 UND;$ 5.390;Huevos;Alimentos y despensas
HUEVO TIPO AA SOL NACIENTE 30 UND;$ 16.990;Huevos;Alimentos y despensas
HUEVO TIPO AA SOL NACIENTE 12 UND;$ 7.650;Huevos;Alimentos y despensas
HUEVO TIPO A SOL NACIENTE 30 UND;$ 14.990;Huevos;Alimentos y despensas
ESPARCIBLE MULTIUSOS RAMA 250 G;$ 4.690;Margarinas y Aceites;Alimentos y despensas
ACEITE GOTA DE ORO 3000 ML;$ 29.990;Margarinas y Aceites;Alimentos y despensas
ACEITE DE GIRASOL DON OLIO 2000ML;$ 26.990;Margarinas y Aceites;Alimentos y despensas
ACEITE DE CANOLA DON OLIO 2000 ML;$ 30.950;Margarinas y Aceites;Alimentos y despensas
ESPARCIBLE DON OLIO LIGHT 250 G;$ 4.790;Margarinas y Aceites;Alimentos y despensas
ACEITE SPRAY CANOLA DON OLIO 180 ML;$ 11.990;Margarinas y Aceites;Alimentos y despensas
MANTEQUILLA CLARIFICADA GHEE NATRI 180GR;$ 12.690;Margarinas y Aceites;Alimentos y despensas
ESPARCIBLE VEGETAL DON OLIO 500 G;$ 6.990;Margarinas y Aceites;Alimentos y despensas
BARRA ESPARCIBLE DON OLIO 125 G;$ 1.350;Margarinas y Aceites;Alimentos y despensas
ESPARCIBLE DE CANOLA DON OLIO 250 G;$ 4.590;Margarinas y Aceites;Alimentos y despensas
ACEITE OLIVA EXTRAVIR CASTELL D F 1000ML;$ 25.990;Margarinas y Aceites;Alimentos y despensas
ACEITE OLIVA EXTRAVIRGEN CASTELL DEL FERRO 500 ;$ 13.990;Margarinas y Aceites;Alimentos y despensas
ACEITE DE COCO VIRGEN NATRI 210 ML;$ 9.990;Margarinas y Aceites;Alimentos y despensas
ACEITE DE AGUACATE NATRI 230 ML;$ 13.990;Margarinas y Aceites;Alimentos y despensas
ACEITE VEGETAL GOTA DE ORO 900 ML;$ 9.590;Margarinas y Aceites;Alimentos y despensas
ACEITE DE CANOLA DON OLIO 900 ML;$ 14.850;Margarinas y Aceites;Alimentos y despensas
ACEITE VEGETAL IMATÁ 900 ML;$ 7.990;Margarinas y Aceites;Alimentos y despensas
ACEITE DE GIRASOL DON OLIO 900 ML;$ 12.490;Margarinas y Aceites;Alimentos y despensas
ACHIRAS DEL HUILA 120 G;$ 5.190;Panaderia y Reposteria;Alimentos y despensas
ROSCON RESOBADO BOCADILLO JOSMAR 150 G;$ 3.990;Panaderia y Reposteria;Alimentos y despensas
GANSITO RAMO 6 UNIDADES 222 G;$ 8.490;Panaderia y Reposteria;Alimentos y despensas
PINGÜINOS MARINELA 4 UND - 160 G;$ 6.100;Panaderia y Reposteria;Alimentos y despensas
BROWNIE CON AREQUIPE HORNEADITOS 80 GRS;$ 1.890;Panaderia y Reposteria;Alimentos y despensas
PAN DE YUCA HORNEADITOS 10 UND 90 G;$ 3.990;Panaderia y Reposteria;Alimentos y despensas
WAFFLE SABOR NATURAL BACKEREI 216 G;$ 5.990;Panaderia y Reposteria;Alimentos y despensas
LENGUAS DULCES HORNEADITOS 100 G;$ 2.190;Panaderia y Reposteria;Alimentos y despensas
PALITROQUES HORNEADITOS 100 G;$ 2.350;Panaderia y Reposteria;Alimentos y despensas
TOSTADA MANTEQUILLA HORNEADITOS 100 G;$ 2.390;Panaderia y Reposteria;Alimentos y despensas
GALLETA CUCA HORNEADITOS 12 UND - 340 G;$ 3.890;Panaderia y Reposteria;Alimentos y despensas
MINI BROWNIES HORNEADITOS 15 UND - 350 G;$ 8.590;Panaderia y Reposteria;Alimentos y despensas
COCADAS TRADICIÓN 1915 150 GRS;$ 4.990;Panaderia y Reposteria;Alimentos y despensas
QUESUDITOS HORNEADITOS 250 G;$ 5.550;Panaderia y Reposteria;Alimentos y despensas
BRAZO DE REINA HORNEADITOS 85 G;$ 1.690;Panaderia y Reposteria;Alimentos y despensas
CHOCO TAJADA HORNEADITOS 70 G;$ 1.650;Panaderia y Reposteria;Alimentos y despensas
PAN ÁRABE BACKEREI 5 UND 300 G;$ 3.750;Panaderia y Reposteria;Alimentos y despensas
PAN HAMBURGUESA HORNEADITOS 4 UND 320 G;$ 2.690;Panaderia y Reposteria;Alimentos y despensas
PALO DE QUESO MOZZARELLA BACKEREI 480 GRS;$ 6.790;Panaderia y Reposteria;Alimentos y despensas
PAN CAIMÁN HORNEADITOS 500 G;$ 4.490;Panaderia y Reposteria;Alimentos y despensas
PASTEL DE GUAYABA HORNEADITOS 20 UND - 190 G;$ 3.990;Panaderia y Reposteria;Alimentos y despensas
TOSTADAS FINAS HIERBAS HORNEADITOS 90 G;$ 2.190;Panaderia y Reposteria;Alimentos y despensas
TOSTADAS CON AJO HORNEADITOS 90 G;$ 2.190;Panaderia y Reposteria;Alimentos y despensas
PAN TAJADO ARTESANAL INTEGRAL HORNEADITOS 500 G;$ 6.590;Panaderia y Reposteria;Alimentos y despensas
MINI CROISSANT HORNEADITOS 340 GRS;$ 3.990;Panaderia y Reposteria;Alimentos y despensas
PAN PERRO CON AJONJOLÍ HORNEADITOS 6 UND 370 G;$ 3.690;Panaderia y Reposteria;Alimentos y despensas
PAN LECHE HORNEADITOS 10 UND 440 GRS;$ 3.690;Panaderia y Reposteria;Alimentos y despensas
TORTA NEGRA HORNEADITOS 80 GRS;$ 1.750;Panaderia y Reposteria;Alimentos y despensas
TOSTADA SURTIDA HORNEADITOS 100 G;$ 2.850;Panaderia y Reposteria;Alimentos y despensas
MOGOLLA BLANCA HORNEADITOS 10 UND - 400 G;$ 3.390;Panaderia y Reposteria;Alimentos y despensas
CHICHARRÓN CARN AMERI LA VICTORIA 100 GR;$ 7.690;Pasabocas y Snacks;Alimentos y despensas
CRISPETA CARAMELO CHEETOS 72 G;$ 2.190;Pasabocas y Snacks;Alimentos y despensas
DE TODITO BBQ 250GR;$ 7.690;Pasabocas y Snacks;Alimentos y despensas
LONJAS DE ALMENDRA NUTHOS 100 GR;$ 8.450;Pasabocas y Snacks;Alimentos y despensas
MEZCLA NUECES PREMIUM NUTHOS;$ 7.590;Pasabocas y Snacks;Alimentos y despensas
PATACÓN PISAO PLATAITOS 80 G;$ 3.990;Pasabocas y Snacks;Alimentos y despensas
TORTILLA BURRITO CRACHOS 8 UND - 580 G;$ 6.490;Pasabocas y Snacks;Alimentos y despensas
MANÍ SALADO NUTHOS 200 G;$ 3.990;Pasabocas y Snacks;Alimentos y despensas
MANÍ DULCE NUTHOS 200 G;$ 3.790;Pasabocas y Snacks;Alimentos y despensas
PASABOCAS SURTIDOS DOCENA KYTHOS 318 G;$ 9.350;Pasabocas y Snacks;Alimentos y despensas
ARÁNDANOS NUTHOS 150 G;$ 6.350;Pasabocas y Snacks;Alimentos y despensas
MANÍ CON PASAS NUTHOS 200 G;$ 3.990;Pasabocas y Snacks;Alimentos y despensas
MONEDITAS DE PLÁTANO PLATAITOS 6 UND - 60 G;$ 9.990;Pasabocas y Snacks;Alimentos y despensas
CIRUELA PREMIUM SIN SEMILLA NUTHOS 200 GRS;$ 6.990;Pasabocas y Snacks;Alimentos y despensas
PASABOCAS MIXTO BBQ KYTHOS 160 G;$ 4.190;Pasabocas y Snacks;Alimentos y despensas
PISTACHO NUTHOS 70 G;$ 6.150;Pasabocas y Snacks;Alimentos y despensas
ALMENDRA NUTHOS 150 G;$ 8.290;Pasabocas y Snacks;Alimentos y despensas
MAÍZ GIGANTE FRITO SALADO NUTHOS 200 G;$ 7.990;Pasabocas y Snacks;Alimentos y despensas
TORTILLA INTEGRAL NATRI 8 UND- 250 G;$ 3.990;Pasabocas y Snacks;Alimentos y despensas
MEZCLA CRUNCHY NUTHOS 180 G;$ 6.890;Pasabocas y Snacks;Alimentos y despensas
PALOMITAS PARA MICROONDAS SABOR CARAMELO KYTHOS;$ 3.490;Pasabocas y Snacks;Alimentos y despensas
MEZCLA SALADA FRUTOS SECOS NUTHOS 180 G;$ 5.850;Pasabocas y Snacks;Alimentos y despensas
DORITOS FAMILIAR 175 GRS;$ 5.990;Pasabocas y Snacks;Alimentos y despensas
UVAS PASAS NUTHOS 200 G;$ 3.190;Pasabocas y Snacks;Alimentos y despensas
MIXTO MEGA FAMILIAR KYTHOS 350 GR;$ 7.850;Pasabocas y Snacks;Alimentos y despensas
SEXTA PAPA SABOR POLLO KYTHOS 25 G;$ 5.490;Pasabocas y Snacks;Alimentos y despensas
MEZCLAS SURTIDAS NUTHOS 5 UND - 45G;$ 7.490;Pasabocas y Snacks;Alimentos y despensas
LONCHERA SURTIDA FRITOLAY 12 UN 261 GR;$ 9.990;Pasabocas y Snacks;Alimentos y despensas
LONCHERA SURTIDA AZOMPACK 12 UN;$ 6.150;Pasabocas y Snacks;Alimentos y despensas
PLATANITOS VERDES KYTHOS 135 GR;$ 3.990;Pasabocas y Snacks;Alimentos y despensas
CONCHAS DORIA 250 G;$ 2.150;Pasta;Alimentos y despensas
CABELLO DE ÁNGEL DORIA 250 G;$ 2.150;Pasta;Alimentos y despensas
SPAGUETTI CAPRÍSSIMA 250 GRS;$ 1.350;Pasta;Alimentos y despensas
CONCHA CAPRÍSSIMA 250 GRS;$ 1.350;Pasta;Alimentos y despensas
CABELLO DE ÁNGEL CAPRÍSSIMA 250 GRS;$ 1.350;Pasta;Alimentos y despensas
SPAGHETTI DELIZIARE 500 G;$ 3.990;Pasta;Alimentos y despensas
PENNE DELIZIARE 500 G;$ 3.990;Pasta;Alimentos y despensas
FUSILLI MIXTO DELIZIARE 500 G;$ 5.990;Pasta;Alimentos y despensas
PASTA PARA LASAGNA DELIZIARE X 450 GR;$ 7.990;Pasta;Alimentos y despensas
SPAGHETTI DORIA 250 G;$ 2.150;Pasta;Alimentos y despensas
MACARRÓN CON SALSA DE QUESO DORIA 210 G;$ 3.490;Pasta;Alimentos y despensas
TAMAL TOLIMENSE 2 UND 400 G;$ 8.490;Platos preparados;Alimentos y despensas
PIZZA DE JAMÓN Y QUESO / HAWAIANA BACKEREI 130 ;$ 4.100;Platos preparados;Alimentos y despensas
RAMEN NISSIN SABOR CARNE 85 G;$ 2.490;Platos preparados;Alimentos y despensas
RAMEN NISSIN SABOR POLLO 85 G;$ 2.490;Platos preparados;Alimentos y despensas
QUINUA ESTILO ESPAÑOL 227 G KITCHEN LOVE;$ 9.290;Platos preparados;Alimentos y despensas
FLAN DE LECHE CON CARAMELO LATTI 150 G;$ 3.750;Postres listos;Alimentos y despensas
POSTRE DE GELATINA CON LECHE KEDELI 180 G;$ 3.650;Postres listos;Alimentos y despensas
ARROZ CON LECHE TRADICIÓN 1915 120 G;$ 2.290;Postres listos;Alimentos y despensas
LECHE ASADA TRADICIÓN 1915 120 G;$ 3.390;Postres listos;Alimentos y despensas
POSTRE TRES LECHES 86 G;$ 3.750;Postres listos;Alimentos y despensas
SALSA MAYOMOSTAZA CON ESPECIAS SHOWY 200 GR;$ 3.890;Salsas y Aderezos;Alimentos y despensas
VINAGRETA RANCH ZEV X 240 GR;$ 3.890;Salsas y Aderezos;Alimentos y despensas
VINAGRETA SURTIDA ZEV X 240GR;$ 3.890;Salsas y Aderezos;Alimentos y despensas
MAYONESA FRUCO 480 G;$ 7.750;Salsas y Aderezos;Alimentos y despensas
SALSA TÁRTARA ZEV 200GR;$ 2.190;Salsas y Aderezos;Alimentos y despensas
ESENCIA DE VAINILLA SPECIARIA 155ML;$ 2.190;Salsas y Aderezos;Alimentos y despensas
SALSA DE TOMATE FRUCO 650G;$ 7.890;Salsas y Aderezos;Alimentos y despensas
SALSA DE AJÍ PICANTE MASH 175 GR;$ 1.950;Salsas y Aderezos;Alimentos y despensas
PASTA DE TOMATE ZEV 200 G;$ 2.990;Salsas y Aderezos;Alimentos y despensas
MOSTAZA ZEV 200 G;$ 1.990;Salsas y Aderezos;Alimentos y despensas
MAYONESA BAJA EN GRASA ZEV 500 G;$ 3.490;Salsas y Aderezos;Alimentos y despensas
MAYONESA CON MOSTAZA ZEV 200 GRS;$ 2.490;Salsas y Aderezos;Alimentos y despensas
SALSA BBQ MASH 550 G;$ 5.450;Salsas y Aderezos;Alimentos y despensas
VINAGRETA LIGHT ZEV 265 G;$ 3.950;Salsas y Aderezos;Alimentos y despensas
AJÍ PICANTE MASH 250 G;$ 2.990;Salsas y Aderezos;Alimentos y despensas
MIEL DE ABEJAS MEEL 350 G;$ 8.990;Salsas y Aderezos;Alimentos y despensas
SALSA ROSADA ZEV 200 G;$ 1.650;Salsas y Aderezos;Alimentos y despensas
SALSA PESTO VERDE DELIZIARE X 190 G;$ 6.990;Salsas y Aderezos;Alimentos y despensas
MERMELADA DE MORA ZEV 200 G;$ 1.990;Salsas y Aderezos;Alimentos y despensas
SYRUP QUICKSY 355 ML;$ 5.990;Salsas y Aderezos;Alimentos y despensas
SALSA DE PIÑA ZEV X 200 GR;$ 2.050;Salsas y Aderezos;Alimentos y despensas
SALSA MEXICANA CRACHOS 220 G;$ 5.990;Salsas y Aderezos;Alimentos y despensas
SALSA TERIYAKI ZEV 190 GR;$ 2.190;Salsas y Aderezos;Alimentos y despensas
VINAGRE DE SIDRA DE MANZANA NATRI 250ML;$ 3.990;Salsas y Aderezos;Alimentos y despensas
VINAGRE BLANCO ZEV 1000 ML;$ 2.990;Salsas y Aderezos;Alimentos y despensas
SALSA DE QUESO CRACHOS 200 G;$ 3.990;Salsas y Aderezos;Alimentos y despensas
GUACAMOLE CRACHOS 200 G;$ 3.290;Salsas y Aderezos;Alimentos y despensas
VINAGRE BLANCO ZEV 500 ML;$ 1.850;Salsas y Aderezos;Alimentos y despensas
SALSA PARA CARNES ZEV 195 G;$ 1.890;Salsas y Aderezos;Alimentos y despensas
SALSA DE SOYA ZEV 190 G;$ 1.450;Salsas y Aderezos;Alimentos y despensas
PERA VERDE IMPORTADA 1000 G;$ 9.990;Verduras y Frutas;Alimentos y despensas
MANZANA ROYAL GALA 1000 GRS;$ 10.590;Verduras y Frutas;Alimentos y despensas
PLÁTANO HARTÓN 1000 G;$ 5.790;Verduras y Frutas;Alimentos y despensas
AJO MALLA 3 UNIDADES - 100 G;$ 1.450;Verduras y Frutas;Alimentos y despensas
PAPA CAPIRA 2000 GRS;$ 5.690;Verduras y Frutas;Alimentos y despensas
CEBOLLA CABEZONA 500 G;$ 690;Verduras y Frutas;Alimentos y despensas
UVAS IMPORTADAS RED GLOBE 500 G X 1 UND;$ 7.990;Verduras y Frutas;Alimentos y despensas
ARÁNDANOS 125 G;$ 4.990;Verduras y Frutas;Alimentos y despensas
BANANO UNIDAD;$ 400;Verduras y Frutas;Alimentos y despensas
NARANJA X 2000 GR;$ 5.990;Verduras y Frutas;Alimentos y despensas
LIMÓN TAHITÍ 500 G;$ 2.250;Verduras y Frutas;Alimentos y despensas
AFEITADORA RECARGABLE MANGO + 2 REPUETOS GILLET;$ 11.490;Afeitado;Aseo y Cuidado Personal
REPUESTOS PARA AFEITADORA GILLETTE 4 UND;$ 11.490;Afeitado;Aseo y Cuidado Personal
MÁQUINA PARA AFEITAR 3 HOJAS HOMBRE XEN 2 UND;$ 2.990;Afeitado;Aseo y Cuidado Personal
ESPUMA PARA AFEITAR XEN 300 ML;$ 6.590;Afeitado;Aseo y Cuidado Personal
MÁQUINA PARA AFEITAR 3 HOJAS MUJER XEN 2 UND;$ 2.990;Afeitado;Aseo y Cuidado Personal
KOLA GRANULADA TARRITO ROJO 210 G;$ 9.190;Botiquín;Aseo y Cuidado Personal
ALKA-SELTZER TABLETA EFERVESCENTE 6 UND;$ 5.100;Botiquín;Aseo y Cuidado Personal
APRONAX TABLETA 8 UND - 275 MG;$ 8.590;Botiquín;Aseo y Cuidado Personal
ASPIRINA ULTRA TABLETA 8 UND - 500 MG;$ 4.290;Botiquín;Aseo y Cuidado Personal
GAVISCON EN SACHET 6 UND;$ 9.890;Botiquín;Aseo y Cuidado Personal
VITAMINA C EN TABLETAS MASTICABLE CEBION 8 UND...;$ 4.490;Botiquín;Aseo y Cuidado Personal
SEVEDOL EXTRAFUERTE TABLETA 6 UND;$ 6.290;Botiquín;Aseo y Cuidado Personal
CONDONES DUREX EXTRASEGURO 3 UNIDADES;$ 6.990;Botiquín;Aseo y Cuidado Personal
TAPABOCAS TRIPLE CAPA DESECHABLE;$ 350;Botiquín;Aseo y Cuidado Personal
ALCOHOL ANTISÉPTICO PURIX 375 ML;$ 2.890;Botiquín;Aseo y Cuidado Personal
ACETAMINOFEN CAPSULAS DOLOFEN 10 UND;$ 5.750;Botiquín;Aseo y Cuidado Personal
PASTILLA GARGANTA STREPSILES 8 UND;$ 9.650;Botiquín;Aseo y Cuidado Personal
ACTRON MAX® IBUPROFENO CAPSULAS LIQUIDAS X 4 UN...;$ 4.950;Botiquín;Aseo y Cuidado Personal
EMULSIÓN DE SCOTT TRADICIONAL 180 ML;$ 9.490;Botiquín;Aseo y Cuidado Personal
NUTREN LIQUIDO VAINILLA 200 ML;$ 6.990;Botiquín;Aseo y Cuidado Personal
TAPABOCAS DESECHABLE PACKX15;$ 4.990;Botiquín;Aseo y Cuidado Personal
MULTIVITAMINICO CON MINERALES X 10 UND;$ 6.490;Botiquín;Aseo y Cuidado Personal
VITAMINA E 400 UI CÁPSULAS X 10 UND;$ 3.790;Botiquín;Aseo y Cuidado Personal
VICK VAPORUB LATA 12 G;$ 4.490;Botiquín;Aseo y Cuidado Personal
VITAMINA D3 2000 UI CÁPSULAS X 10 UND;$ 5.090;Botiquín;Aseo y Cuidado Personal
COMPLEJO B CÁPSULAS X 10 UND;$ 5.090;Botiquín;Aseo y Cuidado Personal
MULTIVITAMÍNICO NUTREPRO VAINILLA 200 G;$ 13.990;Botiquín;Aseo y Cuidado Personal
OMEGA 3 CAPSULAS X 10 UND;$ 5.990;Botiquín;Aseo y Cuidado Personal
NOXPIRIN DÍA NOCHE SURTIDO CAJA X3 UND;$ 3.990;Botiquín;Aseo y Cuidado Personal
REMOVEDOR DE ESMALTE NATURAL FEELING 250ML...;$ 5.250;Cosmética y maquillaje;Aseo y Cuidado Personal
PLUMON DELINEADOR OJOS USK;$ 9.990;Cosmética y maquillaje;Aseo y Cuidado Personal
POLVO COMPACTO DORÉ USK;$ 14.990;Cosmética y maquillaje;Aseo y Cuidado Personal
POLVO COMPACTO CANELA USK;$ 14.990;Cosmética y maquillaje;Aseo y Cuidado Personal
POLVO COMPACTO ARENA;$ 14.990;Cosmética y maquillaje;Aseo y Cuidado Personal
GEL CEJAS USHIKO 1 UN;$ 10.990;Cosmética y maquillaje;Aseo y Cuidado Personal
PERFILADOR CEJAS MICROFILLING USK;$ 10.990;Cosmética y maquillaje;Aseo y Cuidado Personal
CORRECTOR OJERAS USK;$ 10.990;Cosmética y maquillaje;Aseo y Cuidado Personal
RUBOR ILUMINADOR USK;$ 12.990;Cosmética y maquillaje;Aseo y Cuidado Personal
LABIAL CRAYON NO TRANSFER ROJOS;$ 12.990;Cosmética y maquillaje;Aseo y Cuidado Personal
LABIAL CRAYON NO TRANSFER - CAJA SURTIDA 2 TONO...;$ 12.990;Cosmética y maquillaje;Aseo y Cuidado Personal
PESTAÑINA FALSIES MAYBELLINE NEGRA;$ 19.990;Cosmética y maquillaje;Aseo y Cuidado Personal
BASE LIQUIDA MATIFICANTE USK;$ 14.990;Cosmética y maquillaje;Aseo y Cuidado Personal
BASE PARA UÑAS Y BRILLO USHIKO 11 ML;$ 4.990;Cosmética y maquillaje;Aseo y Cuidado Personal
ESMALTE SURTIDO USHIKO 11 ML;$ 4.990;Cosmética y maquillaje;Aseo y Cuidado Personal
LABIAL LIQUIDO SURTIDO ROJOS USHIKO;$ 12.990;Cosmética y maquillaje;Aseo y Cuidado Personal
LABIAL LIQUIDO SURTIDO ROSA USHIKO;$ 12.990;Cosmética y maquillaje;Aseo y Cuidado Personal
SOMBRAS SURTIDAS PARA OJOS USK 9G;$ 13.990;Cosmética y maquillaje;Aseo y Cuidado Personal
CUARTETO RUBOR ILUMINADOR USHIKO;$ 21.990;Cosmética y maquillaje;Aseo y Cuidado Personal
LAPIZ RETRACTIL PARA CEJAS;$ 12.990;Cosmética y maquillaje;Aseo y Cuidado Personal
LAPIZ RETRACTIL PARA OJOS SURTIDO;$ 14.990;Cosmética y maquillaje;Aseo y Cuidado Personal
CREMA COLORANTE CAPILAR NUTRISSE ALMENDRA 1 UND...;$ 9.990;Cuidado capilar;Aseo y Cuidado Personal
GEL EGO EXTREME ULTRA 240 ML;$ 7.490;Cuidado capilar;Aseo y Cuidado Personal
SHAMPOO ANTICASPA XEN 400 ML;$ 7.990;Cuidado capilar;Aseo y Cuidado Personal
SHAMPOO 2 EN 1 KOLORS 400 ML;$ 6.990;Cuidado capilar;Aseo y Cuidado Personal
ACONDICIONADOR KOLORS 300 ML;$ 6.990;Cuidado capilar;Aseo y Cuidado Personal
MASCARILLA CAPILAR REPARADORA KOLORS 250 ML...;$ 7.990;Cuidado capilar;Aseo y Cuidado Personal
SHAMPOO HIDRATANTE/REGENERADOR NATURAL FEELING ...;$ 6.590;Cuidado capilar;Aseo y Cuidado Personal
CREMA COLORANTE CAPILAR 50 CASTAÑO 1UN;$ 9.990;Cuidado capilar;Aseo y Cuidado Personal
ACONDICIONADOR ELVIVE REPARADOR 350 ML;$ 15.850;Cuidado capilar;Aseo y Cuidado Personal
SHAMPOO ELVIVE REPARACIÓN TOTAL 350 ML;$ 15.850;Cuidado capilar;Aseo y Cuidado Personal
SHAMPOO ANTICASPA OVERHEAD 400 ML;$ 6.990;Cuidado capilar;Aseo y Cuidado Personal
SHAMPOO BOTANICALS NAT FEELING 600 ML ...;$ 6.390;Cuidado capilar;Aseo y Cuidado Personal
GEL CAPILAR XEN 240 ML;$ 3.990;Cuidado capilar;Aseo y Cuidado Personal
ACONDICIONADOR KOLORS SURTIDO 400 ML;$ 6.990;Cuidado capilar;Aseo y Cuidado Personal
SHAMPOO KOLORS SURTIDO 400 ML;$ 6.990;Cuidado capilar;Aseo y Cuidado Personal
CREMA PARA PEINAR KOLORS 250 ML;$ 7.990;Cuidado capilar;Aseo y Cuidado Personal
SHAMPOO CONTROL CASPA H&S 400 ML;$ 17.950;Cuidado capilar;Aseo y Cuidado Personal
SHAMPOO SAVITAL FUSION PROTEINAS 530ML;$ 11.550;Cuidado capilar;Aseo y Cuidado Personal
ACONDICIONADOR SAVITAL 530 ML;$ 11.550;Cuidado capilar;Aseo y Cuidado Personal
CREMA HUMECTANTE LUBRIDERM 200 ML;$ 12.390;Cuidado corporal;Aseo y Cuidado Personal
TALCO ANTIBACTERIAL XEN 150 G;$ 4.690;Cuidado corporal;Aseo y Cuidado Personal
BÁLSAMO PARA PIES CANSADOS DELIA 250 ML;$ 10.490;Cuidado corporal;Aseo y Cuidado Personal
LOCIÓN REFRESCANTE XEN 178 ML;$ 4.990;Cuidado corporal;Aseo y Cuidado Personal
REPELENTE NATURAL FEELING 120 ML;$ 6.590;Cuidado corporal;Aseo y Cuidado Personal
CREMA DE MANOS ARGAN DELIA 50 ML;$ 1.850;Cuidado corporal;Aseo y Cuidado Personal
GEL ANTIBACTERIAL NATURAL FEELING 60 ML;$ 1.890;Cuidado corporal;Aseo y Cuidado Personal
ANTIBACTERIAL Y HUMECTANTE NATURAL FEELING 135 ...;$ 3.090;Cuidado corporal;Aseo y Cuidado Personal
CREMA CORPORAL NATURAL FEELING 500 ML;$ 7.990;Cuidado corporal;Aseo y Cuidado Personal
GEL DE BAÑO NATURAL FEELING 750 ML;$ 7.490;Cuidado corporal;Aseo y Cuidado Personal
GEL ANTIBACTERIAL NATURAL FEELING 300 ML;$ 2.990;Cuidado corporal;Aseo y Cuidado Personal
CREMA CORPORAL BOTANICALS NF 500 ML;$ 7.990;Cuidado corporal;Aseo y Cuidado Personal
CREMA EXTRA HUMECTANTE NF 300 GR;$ 8.990;Cuidado corporal;Aseo y Cuidado Personal
GEL BAÑO BOTANICALS NAT FEELING 750 ML;$ 7.490;Cuidado corporal;Aseo y Cuidado Personal
CREMA CONTORNO OJOS;$ 9.990;Cuidado facial;Aseo y Cuidado Personal
CREMA ANTIARRUGAS ARGAN Q10 DELIA 50 ML;$ 9.990;Cuidado facial;Aseo y Cuidado Personal
AGUA MICELAR DELIA 200 ML;$ 4.990;Cuidado facial;Aseo y Cuidado Personal
GEL LIMPIADOR FACIAL DELIA 200 ML;$ 5.350;Cuidado facial;Aseo y Cuidado Personal
SUERO FACIAL DELIA 30 ML;$ 14.990;Cuidado facial;Aseo y Cuidado Personal
CREMA FACIAL BB DELIA 30 ML SURTIDA;$ 9.990;Cuidado facial;Aseo y Cuidado Personal
POMOS DE ALGODÓN NATURAL FEELING 50 UND;$ 3.250;Cuidado facial;Aseo y Cuidado Personal
GEL HIDRATANTE AQUA GEL DELIA 50 ML;$ 12.990;Cuidado facial;Aseo y Cuidado Personal
SUERO VITAMINA C DELIA 30 ML;$ 19.990;Cuidado facial;Aseo y Cuidado Personal
GEL CONTROL GRASA DELIA 200 ML;$ 12.990;Cuidado facial;Aseo y Cuidado Personal
TOALLA DESMAQUILLANTE ROSA MICELAR 30U;$ 4.790;Cuidado facial;Aseo y Cuidado Personal
DESMAQUILLANTE BIFASICO DELIA 150 ML;$ 7.990;Cuidado facial;Aseo y Cuidado Personal
MASCARILLA FACIAL CREMOSA MSK1 35G;$ 3.990;Cuidado facial;Aseo y Cuidado Personal
CREMA ANTIEDAD RETINOAGE DELIA 50 ML;$ 14.990;Cuidado facial;Aseo y Cuidado Personal
CREMA DENTAL TRIPLE ACCIÓN COLGATE 100 ML...;$ 6.350;Cuidado oral;Aseo y Cuidado Personal
CREMA DENTAL ALIENTO FRESCO COLGATE TOTAL 75 ML...;$ 8.990;Cuidado oral;Aseo y Cuidado Personal
ENJAGUE BUCAL LISTERINE COOL MINT 360 ML;$ 11.490;Cuidado oral;Aseo y Cuidado Personal
ENJUAGUE BUCAL CERO ALCOHOL BUCARINE 500 ML...;$ 6.590;Cuidado oral;Aseo y Cuidado Personal
CREMA DENTAL PARA NIÑOS BUCARINE 75 CC;$ 4.790;Cuidado oral;Aseo y Cuidado Personal
CREMA DENTAL EN GEL BUCARINE 150 CC;$ 4.850;Cuidado oral;Aseo y Cuidado Personal
CREMA DENTAL TRIPLE ACCIÓN BUCARINE 150 ML...;$ 4.490;Cuidado oral;Aseo y Cuidado Personal
SEDA DENTAL BUCARINE 50 MTS;$ 2.390;Cuidado oral;Aseo y Cuidado Personal
CEPILLO DE DIENTES ADULTOS SUAVE BUCARINE 1 UND...;$ 1.550;Cuidado oral;Aseo y Cuidado Personal
CEPILLO DE DIENTES PARA NIÑOS BUCARINE 1 UND...;$ 1.450;Cuidado oral;Aseo y Cuidado Personal
CEPILLO DE DIENTES ADULTOS MEDIO BUCARINE 1 UND...;$ 1.550;Cuidado oral;Aseo y Cuidado Personal
PROTECTOR SPRAY ADULTOS;$ 19.990;Cuidado solar;Aseo y Cuidado Personal
PROTECTOR SOLAR DELIA 100 ML;$ 12.990;Cuidado solar;Aseo y Cuidado Personal
PROTECTOR SPRAY NIÑOS;$ 19.990;Cuidado solar;Aseo y Cuidado Personal
DESODORANTE HOMBRE GEL GILLETE 45 G;$ 6.590;Desodorantes;Aseo y Cuidado Personal
DESODORANTE MUJER SPRAY N. FEELING 150ML;$ 6.990;Desodorantes;Aseo y Cuidado Personal
DESODORANTE HOMBRE SPRAY XEN 150ML;$ 6.990;Desodorantes;Aseo y Cuidado Personal
DESODORANTE PARA PIES EN SPRAY XEN 260 ML...;$ 8.890;Desodorantes;Aseo y Cuidado Personal
DESODORANTE EN AEROSOL MUJER REXONA CLINICAL 15...;$ 14.950;Desodorantes;Aseo y Cuidado Personal
DESODORANTE EN AEROSOL HOMBRE REXONA CLINICAL 1...;$ 14.950;Desodorantes;Aseo y Cuidado Personal
DESODORANTE MUJER EN ROLL ON NATURAL FEELING 7...;$ 4.490;Desodorantes;Aseo y Cuidado Personal
DESODORANTE HOMBRE EN ROLL ON XEN 75 ML;$ 4.490;Desodorantes;Aseo y Cuidado Personal
DESODORANTE CLINICAL TUBO HOMBRE 70 GR;$ 5.990;Desodorantes;Aseo y Cuidado Personal
DESODORANTE CLINICAL TUBO MUJER 70 GR;$ 5.990;Desodorantes;Aseo y Cuidado Personal
BODY SPLASH 200 ML ANTIBACTERIAL;$ 9.990;Fragancias;Aseo y Cuidado Personal
FRAGANCIA MASCULINA 100 ML V&R SURTIDA;$ 24.990;Fragancias;Aseo y Cuidado Personal
FRAGANCIA FEMENINA 50 ML V&R SURTIDA;$ 19.990;Fragancias;Aseo y Cuidado Personal
JABÓN LÍQUIDO FLOR DE LOTO NATURAL FEELING 500 ...;$ 3.490;Jabonería;Aseo y Cuidado Personal
JABÓN ESPUMOSO ANTIBACTERIAL MILEFIORE 270 ML...;$ 5.950;Jabonería;Aseo y Cuidado Personal
JABÓN DE MANOS LÍQUIDO NATURAL FEELING 500 ML...;$ 3.490;Jabonería;Aseo y Cuidado Personal
JABÓN TOCADOR ANTIBACTERIAL NF 115g 3U ...;$ 5.290;Jabonería;Aseo y Cuidado Personal
JABÓN NATURAL FEEELING 4 UN 460 GRS;$ 5.190;Jabonería;Aseo y Cuidado Personal
PAÑUELO FACIAL RENDY 4 PAQUETES - 10 UND POR PA...;$ 3.090;Papel higiénico y pañuelos;Aseo y Cuidado Personal
PAÑUELOS FACIALES EN CAJA RENDY 50 UND;$ 3.750;Papel higiénico y pañuelos;Aseo y Cuidado Personal
TOALLAS DESECHABLES PARA MANOS RENDY 80 UND...;$ 4.150;Papel higiénico y pañuelos;Aseo y Cuidado Personal
PAPEL HIGIÉNICO 3 H 12 UN RENDY 33 MTS;$ 14.990;Papel higiénico y pañuelos;Aseo y Cuidado Personal
PAPEL HIGIÉNICO 3 H 2 UN RENDY 33 MTS;$ 2.950;Papel higiénico y pañuelos;Aseo y Cuidado Personal
PAPEL HIGIÉNICO PREMIUM 3H 12U RENDY 32 MTS...;$ 19.450;Papel higiénico y pañuelos;Aseo y Cuidado Personal
TOALLA FEMENINA INVISIBLE NOSOTRAS 24 UND...;$ 8.590;Protección femenina;Aseo y Cuidado Personal
TOALLA FEMENINA NORMAL FRESH & FREE 12 UND...;$ 2.650;Protección femenina;Aseo y Cuidado Personal
TOALLA DELGADA FRESH & FREE 12 UND;$ 2.650;Protección femenina;Aseo y Cuidado Personal
TOALLA FEMENINA MALLA RED FRESH & FREE 12 UND...;$ 2.750;Protección femenina;Aseo y Cuidado Personal
PROTECTORES DIARIOS FRESH & FREE 15 UND;$ 1.190;Protección femenina;Aseo y Cuidado Personal
TOALLA FEMENINA NOCTURNA FRESH & FREE 8 UND...;$ 3.290;Protección femenina;Aseo y Cuidado Personal
PROTECTORES FLEXY PANTY FRESH & FREE 60U;$ 5.990;Protección femenina;Aseo y Cuidado Personal
JABÓN ÍNTIMO FRESH & FREE 300 ML;$ 3.750;Protección femenina;Aseo y Cuidado Personal
TAMPONES DIGITALES MEDIO/SUPER FRESH & FREE 10 ...;$ 4.250;Protección femenina;Aseo y Cuidado Personal
REPUESTO RECOGEDOR TIDY HOUSE 1 UND;$ 2.590;Accesorios de limpieza;Aseo Hogar
ESPONJILLA DE BRILLO TIDY HOUSE 6 UND;$ 1.050;Accesorios de limpieza;Aseo Hogar
ESPONJA MALLA TIDY HOUSE 2 UND;$ 1.150;Accesorios de limpieza;Aseo Hogar
GUANTES DE SILICONA TIDY HOUSE TALLA M;$ 9.490;Accesorios de limpieza;Aseo Hogar
ESPONJA MULTIUSOS TIDY HOUSE 3 UND;$ 1.990;Accesorios de limpieza;Aseo Hogar
PAÑO LIMPIÓN TIDY HOUSE 4 UND;$ 3.390;Accesorios de limpieza;Aseo Hogar
REPUESTO PARA TRAPERO TIDY HOUSE 1 UND;$ 5.190;Accesorios de limpieza;Aseo Hogar
REPUESTO PARA ESCOBA TIDY HOUSE 1 UND;$ 2.750;Accesorios de limpieza;Aseo Hogar
ESPIRAL ABRASIVA PLATEADA TIDY HOUSE 1UND...;$ 990;Accesorios de limpieza;Aseo Hogar
PAÑO ABSORBENTE TIDY HOUSE 1 UND;$ 1.190;Accesorios de limpieza;Aseo Hogar
GUANTE DOMÉSTICO TIDY HOUSE TALLA M;$ 2.490;Accesorios de limpieza;Aseo Hogar
GUANTE SEMI INDUSTRIAL NEGRO TIDY HOUSE TALLA M...;$ 2.990;Accesorios de limpieza;Aseo Hogar
TOALLA DE COCINA ACOLCHAMAX 100 HOJAS;$ 6.990;Accesorios de limpieza;Aseo Hogar
CEPILLO PLANCHA TIDY HOUSE 1 UND;$ 2.750;Accesorios de limpieza;Aseo Hogar
CABO DE MADERA TIDY HOUSE 1 UND;$ 2.250;Accesorios de limpieza;Aseo Hogar
AMBIENTADOR EN AEROSOL MANZANA CANELA HOSH 360 ...;$ 5.990;Cuidado del aire;Aseo Hogar
AMBIENTADOR EN AEROSOL LAVANDA HOSH 360 ML...;$ 5.990;Cuidado del aire;Aseo Hogar
DIFUSOR DE OLORES HOSH 40 ML;$ 4.490;Cuidado del aire;Aseo Hogar
AMBIENTADOR DE LENCERIA HOSH 150 ML;$ 4.290;Cuidado del aire;Aseo Hogar
AMBIENTADOR EN LATA HOSH 1 UND;$ 4.990;Cuidado del aire;Aseo Hogar
ELIMINADOR DE OLORES HOSH 360 ML;$ 5.990;Cuidado del aire;Aseo Hogar
DETERGENTE EN POLVO PREMUIM BONAROPA 3000 G...;$ 17.990;Cuidado de la ropa;Aseo Hogar
JABÓN EN BARRA COCO BONAROPA 200 G;$ 1.950;Cuidado de la ropa;Aseo Hogar
JABÓN EN BARRA BRILLA KING 3 UND 900 G;$ 5.650;Cuidado de la ropa;Aseo Hogar
DETERGENTE LÍQUIDO PARA ROPA DELICADA BONAROPA ...;$ 4.990;Cuidado de la ropa;Aseo Hogar
DETERGENTE LÍQUIDO PARA PRENDAS OSCURAS BONAROP...;$ 6.450;Cuidado de la ropa;Aseo Hogar
DETERGENTE LÍQUIDO BABY BONAROPA 1000 ML;$ 8.100;Cuidado de la ropa;Aseo Hogar
SUAVIZANTE FLORAL BONAROPA 3 L;$ 8.990;Cuidado de la ropa;Aseo Hogar
SUAVIZANTE ANTIBACTERIAL BONAROPA 1 LT;$ 4.290;Cuidado de la ropa;Aseo Hogar
QUITAMANCHAS LÍQUIDO BONAROPA 1000 ML;$ 3.790;Cuidado de la ropa;Aseo Hogar
ROPA COLOR BONAROPA 1000 ML;$ 2.800;Cuidado de la ropa;Aseo Hogar
DETERGENTE LÍQUIDO BONAROPA 1000 ML;$ 4.990;Cuidado de la ropa;Aseo Hogar
DETERGENTE EN POLVO MULTIUSOS BONAROPA 2800 G...;$ 9.490;Cuidado de la ropa;Aseo Hogar
SUAVIZANTE AROMA FLORAL BONAROPA 1000 ML;$ 3.690;Cuidado de la ropa;Aseo Hogar
SUAVIZANTE AROMA MANZANA BONAROPA 1000 ML...;$ 3.690;Cuidado de la ropa;Aseo Hogar
QUITAMANCHAS ROPA BLANCA BONAROPA 1000 ML...;$ 3.990;Cuidado de la ropa;Aseo Hogar
PRE LAVADO BONAROPA 500 ML;$ 4.350;Cuidado de la ropa;Aseo Hogar
JABÓN DE BARRA LÍQUIDO BRILLA KING 1000 ML...;$ 4.290;Cuidado de la ropa;Aseo Hogar
DETERGENTE LÍQUIDO BONAROPA 3000 ML;$ 13.190;Cuidado de la ropa;Aseo Hogar
DETERGENTE EN POLVO ULTRA RENDIDOR BONAROPA 100...;$ 4.990;Cuidado de la ropa;Aseo Hogar
DETERGENTE LIQUIDO ANTIBACTERIAL 1 L;$ 6.390;Cuidado de la ropa;Aseo Hogar
DETERGENTE MULTIUSOS BONAROPA 900 GR;$ 3.150;Cuidado de la ropa;Aseo Hogar
PAÑO REUTILIZABLE SCOTT DURAMAX 30 UND;$ 5.590;Cuidado de superficies y cocina;Aseo Hogar
POLVO ABRASIVO BRILLA KING 500 GRS;$ 2.150;Cuidado de superficies y cocina;Aseo Hogar
LIMPIAVIDRIOS BRILLAKING 500 ML;$ 2.250;Cuidado de superficies y cocina;Aseo Hogar
VARSOL BRILLA KING 800 ML;$ 6.990;Cuidado de superficies y cocina;Aseo Hogar
LIMPIAPISOS MADERA Y LAMINADOS BRILLA KING 500 ...;$ 4.590;Cuidado de superficies y cocina;Aseo Hogar
CERA AUTOBRILLANTE BRILLA KING 1000 ML;$ 7.990;Cuidado de superficies y cocina;Aseo Hogar
BLANQUEADOR EN GEL BRILLA KING 1000 ML;$ 5.490;Cuidado de superficies y cocina;Aseo Hogar
VARSOL EMULSIONADO BRILLA KING 800 ML;$ 5.990;Cuidado de superficies y cocina;Aseo Hogar
DESINFECTANTE DE AIRE Y SUPERFICIES AEROSOL 250...;$ 4.990;Cuidado de superficies y cocina;Aseo Hogar
TOALLAS DESINFECTANTES BRILLA KING 10 UND...;$ 1.290;Cuidado de superficies y cocina;Aseo Hogar
LIMPIADOR EN GEL BRILLA KING 1L;$ 6.990;Cuidado de superficies y cocina;Aseo Hogar
DESINFECTANTE MULTIUSOS BRILLA KING 500ML...;$ 4.190;Cuidado de superficies y cocina;Aseo Hogar
LAVALOZA LÍQUIDO BRILLA KING 750ML;$ 5.250;Cuidado de superficies y cocina;Aseo Hogar
LIMPIADOR DE TEXTILES BRILLA KING 1 LT;$ 4.650;Cuidado de superficies y cocina;Aseo Hogar
CREMA LAVALOZA BRILLA KING 500 GRS;$ 2.490;Cuidado de superficies y cocina;Aseo Hogar
DESENGRASANTE BRILLA KING 500 ML;$ 2.490;Cuidado de superficies y cocina;Aseo Hogar
DESINFECTANTE DE BAÑO BRILLA KING 500 ML;$ 2.990;Cuidado de superficies y cocina;Aseo Hogar
LIMPIADOR BICARBONATO BRILLA KING 1000 ML...;$ 2.550;Cuidado de superficies y cocina;Aseo Hogar
LIMPIADOR DE JUNTAS BRILLA KING 500 ML;$ 2.790;Cuidado de superficies y cocina;Aseo Hogar
LIMPIADOR MULTIUSOS CITRONELLA BRILLA KING 1000...;$ 2.490;Cuidado de superficies y cocina;Aseo Hogar
LIMPIADOR MANZANA CANELA BRILLA KING 1000 ML...;$ 2.250;Cuidado de superficies y cocina;Aseo Hogar
BLANQUEADOR BRILLA KING 2000 ML;$ 2.790;Cuidado de superficies y cocina;Aseo Hogar
LIMPIADOR LAVANDA JAZMÍN BRILLA KING 1L;$ 1.990;Cuidado de superficies y cocina;Aseo Hogar
TOALLA DESINFECTANTE BRILLA KING 50 UND;$ 4.750;Cuidado de superficies y cocina;Aseo Hogar
SERVILLETA DE LUJO RENDY 50 UND;$ 3.850;Desechables;Aseo Hogar
SERVILLETA CORTADA RENDY 200 UND;$ 1.990;Desechables;Aseo Hogar
SERVILLETA DOBLADA RENDY 200 UND;$ 4.350;Desechables;Aseo Hogar
PLÁSTICO ADHERENTE TIDY HOUSE 20 MTS;$ 1.890;Desechables;Aseo Hogar
PLATO DESECHABLE TIDY HOUSE 12 UND;$ 3.490;Desechables;Aseo Hogar
BOLSA RESELLABLE TAMAÑOS SURTIDOS TIDY HOUSE 20...;$ 4.890;Desechables;Aseo Hogar
TOALLA DE COCINA DOBLE HOJA RENDY 50 HOJAS...;$ 1.750;Desechables;Aseo Hogar
TOALLA COCINA TRIPLE HOJA RENDY 45 HOJAS;$ 2.150;Desechables;Aseo Hogar
BOLSA DE BASURA NEGRA TIPO HOGAR TIDY HOUSE 10 ...;$ 1.890;Desechables;Aseo Hogar
BOLSA VERDE TIDY HOUSE 10 UND;$ 2.190;Desechables;Aseo Hogar
BOLSA DE BASURA BLANCA TIPO HOGAR TIDY HOUSE 10...;$ 2.190;Desechables;Aseo Hogar
BOLSA BLANCA PAPELERA TIDY HOUSE 30 UND;$ 2.190;Desechables;Aseo Hogar
SERVILLETAS DECORADAS RENDY X 20 UND;$ 3.490;Desechables;Aseo Hogar
ENCENDEDOR TOKAI UND;$ 1.300;Otros hogar;Aseo Hogar
INSECTICIDA 2 EN 1 DONE 250 ML;$ 6.990;Otros hogar;Aseo Hogar
VELADORA N5 - 1 UND;$ 2.890;Otros hogar;Aseo Hogar
PAPEL ALUMINIO TIDY HOUSE 13 MTS;$ 4.990;Otros hogar;Aseo Hogar
BETÚN LÍQUIDO PROTEKTOR 60 ML;$ 4.550;Otros hogar;Aseo Hogar
BETÚN EN PASTA PROTEKTOR 30 G;$ 3.450;Otros hogar;Aseo Hogar
VASO DESECHABLE TIDY HOUSE 7 OZ;$ 1.690;Otros hogar;Aseo Hogar
INSECTICIDA EXTERMIN ACAROS PULGA 250 ML;$ 8.990;Otros hogar;Aseo Hogar
BATERIA ALCALINA AAA FUTURA 2 UND;$ 2.290;Pilas y bombillos;Aseo Hogar
BOMBILLO LED 7W EXÓTICA 1 UND;$ 3.790;Pilas y bombillos;Aseo Hogar
BATERIA ALCALINA AA FUTURA 2 UND;$ 2.290;Pilas y bombillos;Aseo Hogar
ALIMENTO LÁCTEO KLIM 1+ 252 GR;$ 11.990;Alimentación;Bebé
FÓRMULA LÁCTEA EN POLVO ENFAMIL HIERRO ETAPA 2 ...;$ 26.850;Alimentación;Bebé
FÓRMULA LÁCTEA EN POLVO ENFAMIL HIERRO ETAPA 1 ...;$ 26.850;Alimentación;Bebé
CEREAL INFANTIL TRIGO MIEL NESTUM 200 G;$ 11.190;Alimentación;Bebé
COMPOTA SABORES SURTIDOS BABY FRUIT 120 G...;$ 1.950;Alimentación;Bebé
SNACK FRUTA SURTIDA CHIQUI CHUPS 125 G;$ 1.790;Alimentación;Bebé
CREMA DERMOPROTECTORA LITTLE ANGELS 150 G...;$ 5.990;Cuidado del bebé;Bebé
SHAMPOO PARA BEBE LITTLE ANGELS 360 ML;$ 4.990;Cuidado del bebé;Bebé
TOALLAS HÚMEDAS LITTLE ANGELS 10 UND;$ 1.150;Cuidado del bebé;Bebé
COPITOS LITTLE ANGELS 100 UND;$ 2.250;Cuidado del bebé;Bebé
TOALLAS HÚMEDAS LITTLE ANGELS 72 UND;$ 3.990;Cuidado del bebé;Bebé
JABÓN LITTLE ANGELS 3 UND 345 GRS;$ 5.290;Cuidado del bebé;Bebé
PAÑAL TALLA G LITTLE ANGELS 30 UND;$ 21.250;Pañales;Bebé
PAÑAL TALLA M LITTLE ANGELS 30 UND;$ 17.990;Pañales;Bebé
PAÑAL TALLA P LITTLE ANGELS 30 UND;$ 13.750;Pañales;Bebé
PAÑAL TALLA XG LITTLE ANGELS 30 UND;$ 24.990;Pañales;Bebé
PAÑAL TALLA XXG LITTLE ANGELS 30 UND;$ 28.750;Pañales;Bebé
AGUA NATURAL CON ALOE OMI 500 ML;$ 3.490;Aguas;Bebidas
BEBIDA DE AGUA CON COCO OMI 500 ML;$ 2.990;Aguas;Bebidas
AGUA SABORIZADA MARACUYÁ OMI 600 ML;$ 1.250;Aguas;Bebidas
AGUA SABORIZADA MARACUYÁ OMI 1700 ML;$ 2.390;Aguas;Bebidas
AGUA CON GAS LIMONADA OMI 600 ML;$ 1.250;Aguas;Bebidas
AGUA CON GAS LIMONADA OMI 1700 ML;$ 2.390;Aguas;Bebidas
AGUA SABORIZADA LIMÓN OMI 600 ML;$ 1.250;Aguas;Bebidas
AGUA SABORIZADA LIMÓN OMI 1700 ML;$ 2.390;Aguas;Bebidas
AGUA SIN GAS OMI 1000 ML;$ 990;Aguas;Bebidas
AGUA CON GAS OMI 600 ML;$ 890;Aguas;Bebidas
AGUA SIN GAS OMI 5000 ML;$ 3.390;Aguas;Bebidas
AGUA SIN GAS OMI 300 ML 15 UND;$ 8.390;Aguas;Bebidas
BEBIDA DE AVENA NATURE HEART 946ML;$ 9.990;Bebidas vegetales;Bebidas
BEBIDA DE ALMENDRAS VAINILLA SO DELICIOUS 946 M...;$ 12.650;Bebidas vegetales;Bebidas
BEBIDA DE ALMENDRAS ORIGINAL SO DELICIOUS 946 M...;$ 12.650;Bebidas vegetales;Bebidas
BEBIDA ALMENDRA ORIGINAL NATRI 1000 ML;$ 8.990;Bebidas vegetales;Bebidas
BEBIDA ALMENDRA SIN AZUCAR NATRI 1000 ML;$ 8.990;Bebidas vegetales;Bebidas
BEBIDA ALMENDRA VAINILLA NATRI 1000 ML;$ 8.990;Bebidas vegetales;Bebidas
CERVEZA BRUNONIA 330 ML;$ 2.190;Cervezas;Bebidas
CERVEZA CON LIMON WEIDMANN RADLER 330 ML;$ 2.150;Cervezas;Bebidas
CERVEZA BAHIA LAGER 330 CC;$ 1.590;Cervezas;Bebidas
CERVEZA CLUB COLOMBIA 269 ML;$ 1.990;Cervezas;Bebidas
GASEOSA PONY MALTA MINI 200 ML;$ 1.290;Gaseosas, Isotónicas y Energizantes;Bebidas
SPRITE LIMA LIMÓN 1500 Ml;$ 3.490;Gaseosas, Isotónicas y Energizantes;Bebidas
GASEOSA COCA COLA SIN AZÚCAR 1750 ML;$ 4.490;Gaseosas, Isotónicas y Energizantes;Bebidas
GASEOSA KOLA ROMÁN 1750 ML;$ 3.790;Gaseosas, Isotónicas y Energizantes;Bebidas
GASEOSA COCA COLA 1750 ML;$ 4.990;Gaseosas, Isotónicas y Energizantes;Bebidas
BEBIDA HIDRATANTE SABOR MANDARINA DRINK A 600 M...;$ 1.590;Gaseosas, Isotónicas y Energizantes;Bebidas
GASEOSA COLA NEGRA SWIGEN 1700 ML;$ 2.750;Gaseosas, Isotónicas y Energizantes;Bebidas
GASEOSA MANZANA SWIGEN 1700 ML;$ 2.750;Gaseosas, Isotónicas y Energizantes;Bebidas
GASEOSA FRESH COLA SWIGEN 1700 ML;$ 2.750;Gaseosas, Isotónicas y Energizantes;Bebidas
BEBIDA HIDRATANTE SABOR TROPICAL DRINK A 600 ML...;$ 1.590;Gaseosas, Isotónicas y Energizantes;Bebidas
GASEOSA TORONJA SWIGEN 1700 ML;$ 2.750;Gaseosas, Isotónicas y Energizantes;Bebidas
GASEOSA PONY MALTA 2000ML;$ 5.990;Gaseosas, Isotónicas y Energizantes;Bebidas
SODA WHITE CROWN 1.7LTS;$ 1.890;Gaseosas, Isotónicas y Energizantes;Bebidas
AGUA TÓNICA WHITE CROWN 269 ML;$ 1.990;Gaseosas, Isotónicas y Energizantes;Bebidas
GASEOSA COCA COLA PET 250ML;$ 1.690;Gaseosas, Isotónicas y Energizantes;Bebidas
GASEOSA COCA COLA SIN AZUCAR PET 250ML;$ 1.000;Gaseosas, Isotónicas y Energizantes;Bebidas
GASEOSA KOLA ROMAN PET 250ML;$ 1.190;Gaseosas, Isotónicas y Energizantes;Bebidas
GASEOSA SCHWEPPES SODA PET 400ML;$ 1.850;Gaseosas, Isotónicas y Energizantes;Bebidas
GASEOSA SCHWEPPES GINGER ALE PET 1500ML;$ 3.890;Gaseosas, Isotónicas y Energizantes;Bebidas
GASEOSA COCA COLA LATA LIGHT 235ML X 4UND...;$ 7.790;Gaseosas, Isotónicas y Energizantes;Bebidas
GASEOSA COCA COLA LATA 235ML X 4UND;$ 7.990;Gaseosas, Isotónicas y Energizantes;Bebidas
COMBO GASEOSA COCA COLA X2 UND 2.5L;$ 12.790;Gaseosas, Isotónicas y Energizantes;Bebidas
CHOCOLATE 50% MENOS AZUCAR SOL 320 G;$ 7.950;Infusiones, Té, Cafés y Chocolates;Bebidas
TE VERDE PIÑA HINDU 10 UND;$ 4.250;Infusiones, Té, Cafés y Chocolates;Bebidas
CAFÉ FINA SELECCIÓN NESCAFÉ 85 G;$ 11.290;Infusiones, Té, Cafés y Chocolates;Bebidas
CAFÉ EXCELSO MATIZ 250 G;$ 13.900;Infusiones, Té, Cafés y Chocolates;Bebidas
CAFÉ TOSTADO Y MOLIDO VIEJO MOLINO 500 G;$ 13.250;Infusiones, Té, Cafés y Chocolates;Bebidas
CAFÉ TOSTADO Y MOLIDO SUAVE VIEJO MOLINO 500 G...;$ 13.250;Infusiones, Té, Cafés y Chocolates;Bebidas
CREMA PARA CAFÉ EN DOYPACK VIEJO MOLINO 175 G...;$ 3.690;Infusiones, Té, Cafés y Chocolates;Bebidas
INFUSIÓN FRUTAL FRUTOS ROJOS KANPUR 10 UND...;$ 3.990;Infusiones, Té, Cafés y Chocolates;Bebidas
CHOCOLATE TRADICIONAL DE LA TAZA 500 G;$ 5.490;Infusiones, Té, Cafés y Chocolates;Bebidas
CHOCOLATE CLAVOS Y CANELA DE LA TAZA 500 G...;$ 5.490;Infusiones, Té, Cafés y Chocolates;Bebidas
CHOCOLATE VAINILLA DE LA TAZA 500 G;$ 6.490;Infusiones, Té, Cafés y Chocolates;Bebidas
CAFÉ TOSTADO Y MOLIDO VIEJO MOLINO 125 G;$ 3.990;Infusiones, Té, Cafés y Chocolates;Bebidas
TÉ EN POLVO DURAZNO - FRUTOS SALVAJES EISTEE 20...;$ 1.000;Infusiones, Té, Cafés y Chocolates;Bebidas
AROMÁTICA DECISIÓN NATURAL JAIBEL 20 BOLSAS...;$ 5.990;Infusiones, Té, Cafés y Chocolates;Bebidas
CAFÉ INSTANTÁNEO VIEJO MOLINO 85 G;$ 7.050;Infusiones, Té, Cafés y Chocolates;Bebidas
CAFÉ INSTANTÁNEO GRANULADO VIEJO MOLINO 85 G...;$ 7.990;Infusiones, Té, Cafés y Chocolates;Bebidas
TE LÍQUIDO LIMÓN EISTEE 400 ML;$ 1.290;Infusiones, Té, Cafés y Chocolates;Bebidas
TÉ LÍQUIDO DURAZNO EISTEE 400 ML;$ 1.290;Infusiones, Té, Cafés y Chocolates;Bebidas
COCOA CASA REAL 230 G;$ 5.150;Infusiones, Té, Cafés y Chocolates;Bebidas
CAFÉ INSTANTÁNEO DESCAFEINADO VIEJO MOLINO 85 G...;$ 9.150;Infusiones, Té, Cafés y Chocolates;Bebidas
AROMÁTICAS KANPUR 20 UND - 15 G;$ 1.850;Infusiones, Té, Cafés y Chocolates;Bebidas
INFUSIÓN JENGIBRE LIMÓN HINDÚ 15 G;$ 3.890;Infusiones, Té, Cafés y Chocolates;Bebidas
TÉ HELADO FRUTOS ROJOS EISTEE 200 G;$ 3.990;Infusiones, Té, Cafés y Chocolates;Bebidas
TÉ HELADO LIMÓN EISTEE 200 G;$ 3.990;Infusiones, Té, Cafés y Chocolates;Bebidas
JUGO DE ARÁNDANOS TREE FRUTS 946 ML;$ 9.990;Jugos, Refrescos y Nectares;Bebidas
LIMONADA DE COCO KEDELI EN POLVO 450 GR;$ 4.990;Jugos, Refrescos y Nectares;Bebidas
LIMONADA DE PANELA 1000 ML;$ 3.390;Jugos, Refrescos y Nectares;Bebidas
ZUMO DE UVA SIN AZÚCAR TREE FRUTS 1000 ML...;$ 6.790;Jugos, Refrescos y Nectares;Bebidas
REFRESCO CON NARANJA TREE FRUTS 1700 ML;$ 2.690;Jugos, Refrescos y Nectares;Bebidas
JUGO DE LIMÓN TREE FRUTS 250 ML;$ 3.190;Jugos, Refrescos y Nectares;Bebidas
REFRESCO DE MANGO TREE FRUTS 1000 ML;$ 3.250;Jugos, Refrescos y Nectares;Bebidas
REFRESCO DE MORA TREE FRUTS 1000 ML;$ 3.250;Jugos, Refrescos y Nectares;Bebidas
JUGO DE NARANJA FRESCO TREE FRUTS 1000 ML...;$ 5.190;Jugos, Refrescos y Nectares;Bebidas
JUGO DE MANDARINA TREE FRUTS 1000 ML;$ 6.890;Jugos, Refrescos y Nectares;Bebidas
NÉCTARES SABORES SURTIDOS TREE FRUTS 6 UND - 20...;$ 6.490;Jugos, Refrescos y Nectares;Bebidas
REFRESCO POLVO LIGHT KEDELI 1 LT;$ 990;Jugos, Refrescos y Nectares;Bebidas
REFRESCOS SURTIDOS FRUTAS 6 UND;$ 4.990;Jugos, Refrescos y Nectares;Bebidas
BEBIDA JUGO FRUTA DEL VALLE 6U 188ML;$ 5.390;Jugos, Refrescos y Nectares;Bebidas
AGUARDIENTE NECTAR SIN AZUCAR CLUB 500 ML...;$ 21.990;Licores;Bebidas
WHISKY ESCOCÉS GAELIK 700 ML;$ 35.990;Licores;Bebidas
RON AÑEJO CARTAVIO BLACK BARREL 750 ML;$ 30.990;Licores;Bebidas
TEQUILA NEWTON GOLD 750 ML;$ 43.990;Licores;Bebidas
AGUARDIENTE ANTIOQUEÑO SIN AZUCAR 750 ML;$ 44.990;Licores;Bebidas
TEQUILA REPOSADO JARANA 100% AGAVE;$ 69.990;Licores;Bebidas
GINEBRA DAFNE 700 ML;$ 44.990;Licores;Bebidas
CREMA DE WHISKY GAELIK 750 ML;$ 32.990;Licores;Bebidas
VODKA RUSSKAYA 750 ML;$ 39.990;Licores;Bebidas
MILO NUTRI FIT 300 G;$ 12.390;Modificadores;Bebidas
NESCAFÉ CAPPUCCINO MI TAZA 180 G;$ 8.390;Modificadores;Bebidas
GELATINA SIN SABOR KEDELI 4 UND - 30 G;$ 2.250;Modificadores;Bebidas
GELATINA SABORES SURTIDOS KEDELI 3UND - 120 G...;$ 2.950;Modificadores;Bebidas
BEBIDA ACHOCOLATADA SIKOLATA 200 G;$ 3.850;Modificadores;Bebidas
GELATINA LIGHT KEDELI 12 G;$ 1.490;Modificadores;Bebidas
AVENA INSTANTÁNEA FRESA O VAINILLA FIOCCO 250 G...;$ 2.290;Modificadores;Bebidas
PROSECCO ITALIANO TORRESELLA 750 ML;$ 34.990;Vinos;Bebidas
VINO BLANCO PORTUGAL PINTA NEGRA 750 ML;$ 22.990;Vinos;Bebidas
VINO TINTO CARMENERE RESERVA QUINTA LAS CABRAS ...;$ 21.990;Vinos;Bebidas
VINO TINTO CABERNET SAUVIGNON QUINTA LAS CABRAS...;$ 16.990;Vinos;Bebidas
VINO ROSE QUINTA LAS CABRAS 750 ML;$ 16.990;Vinos;Bebidas
VINO BLANCO SAUVIGNON BLANC QUINTA LAS CABRAS 7...;$ 16.990;Vinos;Bebidas
ESPUMANTE CHARDONNAY BRUT QUINTA LAS CABRAS 750...;$ 24.990;Vinos;Bebidas
VINO TINTO CARMENERE QUINTA LAS CABRAS 750 ML...;$ 16.990;Vinos;Bebidas
VINO TINTO CABERNET SAUVIGNON RESERVA QUINTA LA...;$ 21.990;Vinos;Bebidas
ESPUMANTE ROSÉ 750ML;$ 24.990;Vinos;Bebidas
VINO TINTO GRAN MALBEC COMPADRE 750 ML;$ 25.990;Vinos;Bebidas
VINTO TINTO PORTUGAL PINTA NEGRA 750 ML;$ 22.990;Vinos;Bebidas
VINO ROSÉ LOS RIOS 750 ML;$ 18.990;Vinos;Bebidas
VINO TINTO ESPAÑOL CRIANZA FAUSTINO RIVERO 750 ...;$ 19.990;Vinos;Bebidas
VINO FRANCÉS MAISON 1982 750 ML;$ 26.990;Vinos;Bebidas
VINO MALBEC LOS RIOS VARIETAL;$ 19.990;Vinos;Bebidas
VINO TINTO MALBEC SAN TELMO 750 ML;$ 16.990;Vinos;Bebidas
CARNE DE RES PARA ASAR RED CUT 500 G;$ 12.990;Carne de res y cerdo;Congelados
MILANESA DE CERDO RED CUT 500 GR;$ 9.690;Carne de res y cerdo;Congelados
CARNE MOLIDA DE RES X 500 G;$ 10.990;Carne de res y cerdo;Congelados
COSTILLA DE CERDO RED CUT 500 G;$ 10.490;Carne de res y cerdo;Congelados
LOMO DE CERDO X 500 G;$ 10.990;Carne de res y cerdo;Congelados
CHULETA DE CERDO 600 G;$ 11.490;Carne de res y cerdo;Congelados
AREPA DE HUEVO MINI TOASTATAS 6 UND 240G;$ 7.990;Comidas listas;Congelados
POLLO TERIYAKI PRECOCIDO 250 GR DELISTTO;$ 8.490;Comidas listas;Congelados
LASAÑA BOLOÑESA BACKEREI 350 G;$ 7.890;Comidas listas;Congelados
MILANESA DE POLLO 4 UND BRASSET 360 G;$ 7.390;Comidas listas;Congelados
DEDITO DE QUESO BACKEREI 10 UND - 250 G;$ 6.690;Comidas listas;Congelados
PIZZA PEPPERONI/HAWAIANA CLUB 500 G;$ 9.990;Comidas listas;Congelados
PAN DE YUCA BACKEREI 8 UNDS 160 G;$ 5.190;Comidas listas;Congelados
PAPA CRIOLLA CONGELADA ALLCO 500 G;$ 5.990;Comidas listas;Congelados
MIX DE VERDURAS COOLTIVO 500 G;$ 5.690;Frutas y Verduras;Congelados
MEZCLA DE VERDURAS WOK COOLTIVO 400 G;$ 6.490;Frutas y Verduras;Congelados
FRESA CONGELADA TREE FRUTS 500 G;$ 5.490;Frutas y Verduras;Congelados
PULPA DE FRUTA SABORES SURTIDOS TREE FRUTS 3 UN...;$ 4.790;Frutas y Verduras;Congelados
MORA CONGELADA TREE FRUTS 500 G;$ 5.690;Frutas y Verduras;Congelados
ZANAHORIA X 1000 G;$ 3.250;Frutas y Verduras;Congelados
LIMON TAHITI X 1000 GR;$ 4.990;Frutas y Verduras;Congelados
PALETA DE FRUTAS TREEFRUTS 70 G 6 UND;$ 9.990;Helados y Postres;Congelados
HELADO DE CHOCOLATE KÜLFI 1 L;$ 12.590;Helados y Postres;Congelados
HELADO VAINILLA KULFI 1 L;$ 12.590;Helados y Postres;Congelados
HELADO VAINILLA GALLETA CHOC KÜLFI 1 L;$ 12.590;Helados y Postres;Congelados
HELADO DE MACADAMIA KÜLFI 1 L;$ 12.590;Helados y Postres;Congelados
HELADO DE YOGURT CON MORA KÜLFI 1 L;$ 12.590;Helados y Postres;Congelados
TORTA DE HELADO KÜLFI 450 G;$ 12.590;Helados y Postres;Congelados
VASITO DE HELADO KÜLFI 65 G;$ 2.490;Helados y Postres;Congelados
PALETA DE CREMA KÜLFI SURTIDA 4 UND 45 G;$ 5.490;Helados y Postres;Congelados
HELADO DE RON CON PASAS KÜLFI 1 L;$ 12.590;Helados y Postres;Congelados
CAZUELA DE MARISCOS CAPTAIN BAY 400 G;$ 8.990;Pescado y Mariscos;Congelados
POSTAS DE BAGRE CAPTAIN BAY 400 G;$ 9.490;Pescado y Mariscos;Congelados
FILETES DE TILAPIA CAPTAIN BAY 400 G;$ 14.850;Pescado y Mariscos;Congelados
CAMARÓN PRECOCIDO CAPTAIN BAY 400 G;$ 21.190;Pescado y Mariscos;Congelados
FILETES DE SALMÓN CAPTAIN BAY 350 G;$ 21.290;Pescado y Mariscos;Congelados
MIXTURA DE MARISCOS 500 G;$ 10.290;Pescado y Mariscos;Congelados
MOJARRAS ENTERAS CAPTAIN BAY 1000 G;$ 16.690;Pescado y Mariscos;Congelados
LOMITOS DE TILAPIA 454 G;$ 6.990;Pescado y Mariscos;Congelados
MEDIA GALLINA DOÑA SABROSA 800 G;$ 9.590;Pollo;Congelados
TROCITOS DE PECHUGA IMPORTADOS BRASSET 500 GRS...;$ 9.490;Pollo;Congelados
ALITAS DE POLLO BBQ BRASSET 900 G;$ 13.790;Pollo;Congelados
PINCHOS DE POLLO APANADO BRASSET 4 UND - 200 G...;$ 5.750;Pollo;Congelados
MUSLOS DE POLLO IMPORTADOS BRASSET 800 G;$ 9.750;Pollo;Congelados
MEDIO POLLO CAMPESINO BRASSET 1100 G;$ 12.990;Pollo;Congelados
PINCHOS CON TOCINETA BRASSET 540G;$ 13.390;Pollo;Congelados
PECHUGAS DE POLLO BRASSET 1100 G;$ 15.150;Pollo;Congelados
FILETES DE PECHUGA BRASSET X 600 G;$ 13.990;Pollo;Congelados
MENUDENCIA FINA DE POLLO BRASSET 500 G;$ 3.650;Pollo;Congelados
PECHUGA DE POLLO FIESTA X 1.300 G;$ 15.990;Pollo;Congelados
ALAS SIN COSTILLAR POLLO FIESTA X 800 G;$ 8.990;Pollo;Congelados
PERNILES DE POLLO FIESTA X 700 G;$ 7.790;Pollo;Congelados
PIERNAS DE POLLO FIESTA X 700 G;$ 7.990;Pollo;Congelados
MOLIPOLLO MAC POLLO 250 G;$ 3.390;Pollo;Congelados
EMPANADA CON CARNE TOASTATAS 12 UND 420 G...;$ 7.450;Pre-fritos y pasabocas congelados;Congelados
NUGGETS DE POLLO PREMIUM BRASSET 300 G;$ 7.390;Pre-fritos y pasabocas congelados;Congelados
PAPAS A LA FRANCESA TOASTATAS 500 G;$ 4.990;Pre-fritos y pasabocas congelados;Congelados
CROQUETA DE YUCA TOASTATAS 500 G;$ 4.490;Pre-fritos y pasabocas congelados;Congelados
ABORRAJADO TARDES CALEÑAS 10 UND;$ 10.990;Pre-fritos y pasabocas congelados;Congelados
LECHE MALTEADA MILO 4 UND - 720 ML;$ 10.390;Leches;Lácteos
ALIMENTO LÁCTEO EN POLVO EL RODEO NUTRI-RINDE 2...;$ 9.490;Leches;Lácteos
LECHE FORTILECHE LATTI 900 ML;$ 4.690;Leches;Lácteos
LECHE EN POLVO ENTERA LATTI 1000 G;$ 20.990;Leches;Lácteos
LECHE EN POLVO DESCREMADA LATTI 400 G;$ 10.690;Leches;Lácteos
LECHES SABORIZADAS CHOCOLATE LARGA VIDA EN TETR...;$ 4.550;Leches;Lácteos
LECHES SABORIZADAS FRESA LARGA VIDA EN TETRA PA...;$ 4.550;Leches;Lácteos
LECHE ENTERA TETRA PAK LATTI 200ML;$ 1.190;Leches;Lácteos
LECHE EN POLVO ENTERA LATTI 350 G;$ 9.490;Leches;Lácteos
LECHES SABORIZADAS LARGA VIDA EN BOLSA LATTI 6 ...;$ 7.990;Leches;Lácteos
LECHE DESLACTOSADA DESCREMADA LARGA VIDA EN TET...;$ 3.990;Leches;Lácteos
LECHE DESLACTOSADA LARGA VIDA EN TETRA PAK UHT ...;$ 3.690;Leches;Lácteos
LECHE ENTERA LARGA VIDA EN TETRA PAK UHT LATTI ...;$ 3.590;Leches;Lácteos
LECHE POLVO RODEO 187 GR;$ 6.990;Leches;Lácteos
MANTEQUILLA SIN SAL ALPINA 125 GRS;$ 6.890;Mantequillas;Lácteos
MANTEQUILLA CON SAL ALPINA 125 GRS;$ 7.990;Mantequillas;Lácteos
YOX SURTIDO FRESA Y MELOCOTÓN ALPINA 4 UND - 40...;$ 8.890;Otros Derivados;Lácteos
DULCE DE LECHE LATTI 250 GRS;$ 3.090;Otros Derivados;Lácteos
AREQUIPE SIN AZÚCAR NATRI 250 GR;$ 6.390;Otros Derivados;Lácteos
AREQUIPE LATTI 250 G;$ 3.790;Otros Derivados;Lácteos
CREMA VEGETAL BATIDA EN SPRAY KÜLFI 250 G...;$ 8.990;Otros Derivados;Lácteos
BEBIDA DE CAFE HELADO CAPUCCINO O MOCACCINO TON...;$ 5.990;Otros Derivados;Lácteos
AVENA TETRA PAK LATTI 3UN x 200ML;$ 4.550;Otros Derivados;Lácteos
AVENA TETRA PAK LATTI 900ML;$ 5.390;Otros Derivados;Lácteos
LECHE CONDENSADA EN DOYPACK LATTI 300 G;$ 3.990;Otros Derivados;Lácteos
BEBIDA LÁCTEA SABOR MORA LATTI 1000 ML;$ 3.990;Otros Derivados;Lácteos
KUMIS LATTI 6 UND - 1200 ML;$ 6.890;Otros Derivados;Lácteos
KUMIS ENTERO DULCE BOTELLA LATTI 1000 ML;$ 7.790;Otros Derivados;Lácteos
BEBIDA DE AVENA LARGA VIDA LATTI 200 ML;$ 990;Otros Derivados;Lácteos
AVENA ALPINA VASO 250 ML;$ 2.490;Otros Derivados;Lácteos
SUERO COSTEÑO LATTI 200GR;$ 3.450;Otros Derivados;Lácteos
ALPINITO SURTIDO FRESA O MELOCOTÓN 4 UND - 180 ...;$ 4.990;Otros Derivados;Lácteos
PETIT FRESA CHIQUI CHUPS 4 X 50 GR;$ 3.250;Otros Derivados;Lácteos
PETIT MELOCOTON CHIQUI CHUPS 4 X 50 GR;$ 3.250;Otros Derivados;Lácteos
IMITACIÓN QUESO EN LONCHAS SABOR MOZZARELLA 272...;$ 7.390;Quesos;Lácteos
IMITACIÓN QUESO EN LONCHAS SABOR AMERICANO 272 ...;$ 6.690;Quesos;Lácteos
QUESO PAIPA CAMPOREAL 250 G;$ 15.690;Quesos;Lácteos
QUESO MOZZARELLA BUFALA 100GR;$ 4.990;Quesos;Lácteos
QUESITO ALPINA 185 G;$ 5.190;Quesos;Lácteos
QUESO IBÉRICO EN CUÑA TAJADA VIVA ESPAÑA 150 G...;$ 13.990;Quesos;Lácteos
SIXPACK CHEESE STICK VITA LATTI 180GR;$ 7.290;Quesos;Lácteos
QUESO PERA LATTERIA 300 GR;$ 10.190;Quesos;Lácteos
QUESO CAMPESINO EN BLOQUE LATTI 250 G;$ 6.590;Quesos;Lácteos
QUESO PERA LATTERIA 3 UND 114 G;$ 4.350;Quesos;Lácteos
QUESO SABANERO TAJADO LATTI 250 G;$ 10.990;Quesos;Lácteos
SNACK QUESO CON BOCADILLO LATTERIA 60 G;$ 1.750;Quesos;Lácteos
QUESO PARMESANO LATTI 100 G;$ 6.990;Quesos;Lácteos
QUESO SIETE CUEROS 250 G;$ 9.250;Quesos;Lácteos
QUESILLO TAJADO LATTI 400 G;$ 8.990;Quesos;Lácteos
QUESO CREMA LATTI 200 G;$ 3.290;Quesos;Lácteos
QUESILLO BLOQUE LATTI 400 G;$ 9.690;Quesos;Lácteos
CREMA DE LECHE LARGA VIDA LATTI 200 ML;$ 1.990;Quesos;Lácteos
QUESO MOZZARELLA TAJADO LATTI 400 GRS;$ 8.990;Quesos;Lácteos
QUESO MOZZARELLA BLOQUE LATTI 400 G;$ 9.690;Quesos;Lácteos
QUESO PARMESANO ALPINA 120 GRS;$ 12.190;Quesos;Lácteos
QUESO BLOQUE VITA LATTI 230 GR;$ 10.390;Quesos;Lácteos
QUESO HOLANDES GHALIA 150 GR;$ 7.990;Quesos;Lácteos
QUESO SUIZO GHALIA 140 GR;$ 7.990;Quesos;Lácteos
QUESO MUENSTER/GOUDA GHALIA 150 GR;$ 7.990;Quesos;Lácteos
YOGURT SABOR TRADICIONAL COCO 2000 GR;$ 18.990;Quesos;Lácteos
YOGURT GRIEGO MORA LATTI 160 GR;$ 3.850;Quesos;Lácteos
YOGURT SABOR TRADICIONAL RON LATTI 2000 GR...;$ 18.990;Quesos;Lácteos
YOGURT GRIEGO NATURAL SIN AZUCAR 330 GR;$ 6.590;Quesos;Lácteos
PARFAIT FRUTOS DEL BOSQUE LATTI 160 GR;$ 4.850;Quesos;Lácteos
BEBIDA LÁCTEA SABOR MORA LATTI 200 ML;$ 1.090;Quesos;Lácteos
BEBIDA LÁCTEA SABOR FRESA LATTI 200 ML;$ 1.090;Quesos;Lácteos
BEBIDA LÁCTEA SABOR MELOCOTÓN LATTI 200 ML...;$ 1.090;Quesos;Lácteos
BEBIDA LÁCTEA SABOR FRESA LATTI 1000 ML;$ 3.990;Quesos;Lácteos
BEBIDA LÁCTEA SABOR MELOCOTÓN LATTI 1000 ML...;$ 3.990;Quesos;Lácteos
YOGURT VASO TRADICION LATTI 150GR;$ 1.990;Quesos;Lácteos
YOGURT GRIEGO SABORES SURTIDOS LATTI 160 G...;$ 3.850;Quesos;Lácteos
YOGURT MELOCOTON LIGHT VITA LATTI 150GR;$ 1.690;Quesos;Lácteos
YOGURT FRESA LIGHT VITA LATTI 150GR;$ 1.690;Quesos;Lácteos
YOGURT FRESA LIGHT VITA LATTI 1000GR;$ 9.190;Quesos;Lácteos
YOGURT MELOCOTON LIGHT VITA LATTI 1000GR;$ 9.190;Quesos;Lácteos
YOGURT MELOCOTÓN EN VASO LATTI 150 G;$ 1.550;Quesos;Lácteos
FIOCCOSO CEREAL AZUCARADO;$ 2.090;Quesos;Lácteos
YOGURT FRESA BOTELLA LATTI 1000 GR;$ 8.150;Quesos;Lácteos
YOGURT MELOCOTON EN BOTELLA LATTI 1000 G;$ 8.150;Quesos;Lácteos
FIOCCOSO CEREAL CHOCOLATE;$ 2.090;Quesos;Lácteos
YOGURT FRESA VASO LATTI 150 GR;$ 1.550;Quesos;Lácteos
PARFAIT SABORES SURTIDOS LATTI 160 GR;$ 4.850;Quesos;Lácteos
FOURPACK BIOFENS MULTISABOR 120MLX4;$ 6.250;Quesos;Lácteos
FIOCCOSO YOGURT TRUFUS 173 GR;$ 2.590;Quesos;Lácteos
BONYURT BLACK ALPINA 173 GRS;$ 3.690;Quesos;Lácteos
GRIEGO SURTIDO LATTI DIGEST 160 GR ...;$ 4.090;Quesos;Lácteos
BONYURT 4 UND ALPINA 680 G;$ 14.190;Quesos;Lácteos
YOGURT SABOR TRADICIONAL COCO 2000 GR;$ 18.990;Yogures;Lácteos
YOGURT GRIEGO MORA LATTI 160 GR;$ 3.850;Yogures;Lácteos
YOGURT SABOR TRADICIONAL RON LATTI 2000 GR...;$ 18.990;Yogures;Lácteos
YOGURT GRIEGO NATURAL SIN AZUCAR 330 GR;$ 6.590;Yogures;Lácteos
PARFAIT FRUTOS DEL BOSQUE LATTI 160 GR;$ 4.850;Yogures;Lácteos
BEBIDA LÁCTEA SABOR MORA LATTI 200 ML;$ 1.090;Yogures;Lácteos
BEBIDA LÁCTEA SABOR FRESA LATTI 200 ML;$ 1.090;Yogures;Lácteos
BEBIDA LÁCTEA SABOR MELOCOTÓN LATTI 200 ML...;$ 1.090;Yogures;Lácteos
BEBIDA LÁCTEA SABOR FRESA LATTI 1000 ML;$ 3.990;Yogures;Lácteos
BEBIDA LÁCTEA SABOR MELOCOTÓN LATTI 1000 ML...;$ 3.990;Yogures;Lácteos
YOGURT VASO TRADICION LATTI 150GR;$ 1.990;Yogures;Lácteos
YOGURT GRIEGO SABORES SURTIDOS LATTI 160 G...;$ 3.850;Yogures;Lácteos
YOGURT MELOCOTON LIGHT VITA LATTI 150GR;$ 1.690;Yogures;Lácteos
YOGURT FRESA LIGHT VITA LATTI 150GR;$ 1.690;Yogures;Lácteos
YOGURT FRESA LIGHT VITA LATTI 1000GR;$ 9.190;Yogures;Lácteos
YOGURT MELOCOTON LIGHT VITA LATTI 1000GR;$ 9.190;Yogures;Lácteos
YOGURT MELOCOTÓN EN VASO LATTI 150 G;$ 1.550;Yogures;Lácteos
FIOCCOSO CEREAL AZUCARADO;$ 2.090;Yogures;Lácteos
YOGURT FRESA BOTELLA LATTI 1000 GR;$ 8.150;Yogures;Lácteos
YOGURT MELOCOTON EN BOTELLA LATTI 1000 G;$ 8.150;Yogures;Lácteos
FIOCCOSO CEREAL CHOCOLATE;$ 2.090;Yogures;Lácteos
YOGURT FRESA VASO LATTI 150 GR;$ 1.550;Yogures;Lácteos
PARFAIT SABORES SURTIDOS LATTI 160 GR;$ 4.850;Yogures;Lácteos
FOURPACK BIOFENS MULTISABOR 120MLX4;$ 6.250;Yogures;Lácteos
FIOCCOSO YOGURT TRUFUS 173 GR;$ 2.590;Yogures;Lácteos
BONYURT BLACK ALPINA 173 GRS;$ 3.690;Yogures;Lácteos
GRIEGO SURTIDO LATTI DIGEST 160 GR ...;$ 4.090;Yogures;Lácteos
BONYURT 4 UND ALPINA 680 G;$ 14.190;Yogures;Lácteos
ALIMENTO PARA GATOS MAGIC FRIENDS 1000 G;$ 6.290;Alimentación Gato;Mascotas
ALIMENTO HÚMEDO PARA GATITOS WHISKAS 85 G...;$ 2.850;Alimentación Gato;Mascotas
GALLETAS PARA GATOS MAGIC FRIENDS 75G;$ 1.990;Alimentación Gato;Mascotas
ALIMENTO HÚMEDO PARA GATOS WHISKAS 85 G;$ 2.850;Alimentación Gato;Mascotas
ALIMENTO PARA CACHORROS MAGIC FRIENDS 1000 G...;$ 4.990;Alimentación Perros;Mascotas
ALIMENTO PREMIUM PARA PERRO MAGIC FRIENDS 2000 ...;$ 9.990;Alimentación Perros;Mascotas
ALIMENTO PARA PERROS MAGIC FRIENDS 2000 G...;$ 9.090;Alimentación Perros;Mascotas
GALLETAS PARA PERROS MAGIC FRIENDS 150 G;$ 2.890;Alimentación Perros;Mascotas
ALIMENTO HÚMEDO PARA CACHORROS PEDIGREE 100 G...;$ 2.850;Alimentación Perros;Mascotas
HUESO DE CARNAZA PARA PERROS MAGIC FRIENDS 3 UN...;$ 4.290;Alimentación Perros;Mascotas
ALIMENTO HÚMEDO PARA PERROS PEDIGREE 100 G...;$ 2.850;Alimentación Perros;Mascotas
ALIMENTO PARA PERROS MAGIC FRIENDS 8000 G...;$ 32.990;Alimentación Perros;Mascotas
SNACK DENTASTIX PARA PERRO X 1 BARRA;$ 3.690;Alimentación Perros;Mascotas
ALIMENTO PARA PERROS DONKAN X 2 KG;$ 10.990;Alimentación Perros;Mascotas
BOLSAS PARA DESECHOS DE MASCOTAS MAGIC FRIENDS ...;$ 4.490;Aseo de mascota;Mascotas
ARENA PARA GATOS MAGIC FRIENDS 4500 G;$ 14.990;Aseo de mascota;Mascotas
TOALLITAS HÚMEDAS MASCOTAS QSH 48 UND;$ 4.590;Aseo de mascota;Mascotas
BOLSA PLÁSTICA D1 UND;$ 190;Empaques;Otros
BOLSA TÉRMICA 3 HORAS 1 UND;$ 3.490;Empaques;Otros
BOLSA ECOLÓGICA REUTILIZABLE 60X50CMS;$ 1.190;Empaques;Otros
BOLSA ROJA REUTILIZABLE 40X42 CM D1;$ 1.990;Empaques;Otros
